candidate_id,party_id,riding_id,first_name,last_name
1,16,10004,Yvonne,Jones
2,10,10004,Peter,Penashue
3,24,10004,Edward,Rudkowski
4,10,35001,Chris,Alexander
5,24,35001,Stephanie,Brown
6,15,35001,Jeff,Hill
7,16,35001,Mark,Holland
8,38,35001,Bob,Kesic
9,42,35001,Intab,Ali
10,10,35001,Tom,Dingwall
11,42,35001,Allen,Hadley
12,15,35001,Maia,Knight
13,24,35001,Shokat,Malik
14,30,35001,Susanna,Russo
1234,16,35008,Shafqat,Ali
1235,24,35008,Jim,McDowell
1236,42,35008,Ronni,Shino
1237,10,35008,Jagdeep,Singh
89,16,35009,Maninder,Sidhu
1238,24,35009,Gail,Bannister-Clarke
1239,30,35009,Manjeet,Singh
1240,10,35010,Medha,Joshi
24,24,35002,Carol,Hughes
25,15,35002,Calvin,Orok
26,10,35002,André,Robichaud
27,16,35002,Heather,Wilson
28,15,35002,Max,Chapman
29,28,35002,Le De,Marmalade
30,30,35002,Dave,Delisle
31,10,35002,Dave,Williamson
32,10,35003,Leona,Alleslev
33,24,35003,Aaron,Brown
34,15,35003,Timothy,Flemming
35,17,35003,Serge,Korovitsyn
36,30,35003,Priya,Patil
37,16,35003,Leah,Roy
38,43,35003,Kyle,Bowles
39,10,35003,Costas,Menegakis
40,24,35003,Brenda,Power
41,15,35003,Randi,Ramdeen
15,10,35004,John,Brassard
16,24,35004,Myrna,Clark
17,8,35004,Gray,Nail
18,15,35004,Boonie,North
19,5,35004,Jeff,Sakula
20,16,35004,Colin,Wilson
21,24,35004,Pekka,Reinio
22,30,35004,Stephanie,Robinson
23,16,35004,Lisa-Marie,Wilson
42,42,35005,Ram,Faerber
43,15,35005,Marty,Lancaster
44,10,35005,Alex,Nutall
45,17,35005,Darren,Roskam
46,16,35005,Brian,Tamblyn
47,24,35005,Ellen,White
48,24,35005,Dan,Janssen
49,16,35005,Brian,Kalliecharan
50,30,35005,David,Patterson
51,10,35005,Doug,Shipley
52,24,35006,Terry,Cassidy
53,16,35006,Neil,Ellis
54,20,35006,Jodie,Jenkins
55,15,35006,Rachel,Nelems
56,42,35006,Trueman,Tuck
57,24,35006,Stephanie,Bell
58,30,35006,Paul,Bordonaro
59,15,35006,Danny,Celovsky
60,10,35006,Tim,Durkin
61,10,35007,Bill,Burrows
62,19,35007,Roger,Carter
63,16,35007,Nathaniel,Erskine-Smith
64,24,35007,Matthew,Kellway
65,15,35007,Randall,Sach
66,42,35007,James,Sears
67,42,35007,Peter,Surjanac
68,15,35007,Sean,Manners
69,30,35007,Deborah,McKenzie
70,24,35007,Mae,Nam
71,10,35007,Nadirah,Nazeer
72,15,35008,Saul,Botcher
73,19,35008,Frank,Chilelli
74,10,35008,Bal,Gosal
75,24,35008,Rosemary,Keenan
76,16,35008,Ramesh,Sangha
77,30,35008,Baljit,Bawa
78,24,35008,Jordan,Boswell
79,19,35008,David,Gershuny
80,10,35008,Pawanjit,Gosal
81,15,35008,Pauline,Thornham
82,10,35009,Naval,Bajaj
83,16,35009,Raj,Grewal
84,15,35009,Kyle,Lacroix
85,24,35009,Harbaljit,Kahlon
86,15,35009,Teresa,Burgess-Ogilvie
87,44,35009,Partap,Dua
88,42,35009,Manpreet,Othi
90,10,35009,Ramona,Singh
91,24,35009,Saranjit,Singh
92,30,35009,Gaurav,Walia
93,10,35010,Parm,Gill
94,9,35010,Harinderpal,Hundal
95,16,35010,Ruby,Sahota
96,24,35010,Martin,Singh
97,15,35010,Pauline,Thornham
98,15,35010,Norbert,D'Costa
99,24,35010,Melissa,Edward
100,30,35010,Keith,Frazer
101,10,35010,Arpan,Khanna
102,15,35011,Shaun,Hatton
103,24,35011,Amarjit,Sangha
104,10,35011,Kyle,Seeback
105,16,35011,Sonia,Sidhu
106,10,35011,Ramandeep,Brar
107,15,35011,Karen,Fraser
108,30,35011,Rajwinder,Ghuman
109,44,35011,Mitesh,Joshi
110,24,35011,Mandeep,Kaur
111,8,35011,Wavey,Mercer
112,19,35011,Dagmar,Sullivan
113,15,35012,Karthika,Gobinath
114,16,35012,Kamal,Khera
115,24,35012,Adaoma,Patterson
116,10,35012,Ninder,Thind
117,15,35012,Jane,Davidson
118,10,35012,Harinderpal,Hundal
119,24,35012,Navjit,Kaur
120,44,35012,Anjum,Malik
121,30,35012,Roger,Sampson
122,8,35012,Paul,Tannahill
123,10,35012,Murarilal,Thapliyal
124,15,35013,Kevin,Brandt
125,17,35013,Rob,Ferguson
126,24,35013,Marc,Laferriere
127,10,35013,Phil,McColeman
128,16,35013,Danielle,Takacs
129,42,35013,The,Turmel
130,42,35013,Leslie,Bory
131,41,35013,Jeffrey,Gallagher
132,15,35013,Bob,Jonkman
1241,24,35010,Teresa,Yeh
133,24,35013,Sabrina,Sawyer
134,42,35013,John,Turmel
135,30,35013,Dave,Wrobel
136,15,35014,Chris,Albinati
137,16,35014,Kimberley,Love
138,24,35014,David,McLaren
139,10,35014,Larry,Miller
140,17,35014,Daniel,Little
141,10,35014,Alex,Ruff
142,24,35014,Chris,Stephen
143,16,35014,Michael,Tandt
144,30,35014,Bill,Townsend
145,15,35014,Danielle,Valiquette
146,15,35015,Vince,Fiorito
147,16,35015,Karina,Gould
148,24,35015,David,Laird
149,10,35015,Mike,Wallace
150,24,35015,Lenaee,Dupuis
151,10,35015,Jane,Michael
152,30,35015,Peter,Semtana
153,15,35015,Gareth,Williams
154,15,35016,Michele,Braniff
155,19,35016,Manuel,Couto
156,10,35016,Gary,Goodyear
157,16,35016,Bryan,May
158,42,35016,Lee,Sperduti
159,24,35016,Bobbi,Stewart
160,10,35016,Sunny,Attwal
161,24,35016,Scott,Hamilton
162,30,35016,David,Haskell
163,41,35016,George,McMorrow
164,15,35088,Deborah,Coyne
165,24,35088,Kc,Larocque
166,10,35088,Pierre,Poilievre
167,16,35088,Chris,Rodgers
168,24,35088,Kevin,Hua
169,15,35088,Gordon,Kubanek
170,30,35088,Alain,Musende
1242,30,35011,Nicholas,Craniotis
173,16,35017,Katie,Omstead
174,10,35017,Dave,Van Kesteren
175,15,35017,Mark,Vercouteren
176,24,35017,Tony,Walsh
177,30,35017,John,Balagtas
178,18,35017,Paul,Coulbeck
179,10,35017,Dave,Epp
180,24,35018,Andrew,Cash
181,16,35018,Julie,Dzerowicz
182,9,35018,Miguel,Figueroa
183,42,35018,Chai,Kalevar
184,10,35018,Carlos,Oliveira
185,15,35018,Dan,Stein
186,10,35018,Sanjay,Bhatia
187,30,35018,Francesco,Ciardullo
188,15,35018,Hannah,Conover-Arthurs
189,9,35018,Elizabeth,Rowley
190,42,35018,Troy,Young
191,24,35019,Khalid,Ahmed
192,10,35019,Maureen,Harquail
193,16,35019,Yasmin,Ratansi
194,15,35019,Laura,Sanderson
195,30,35019,John,Hendry
196,10,35019,Michael,Ma
197,24,35019,Nicholas,Thompson
198,15,35019,Dan,Turcotte
199,15,35020,Caroline,Brown
200,10,35020,Joe,Daniel
201,24,35020,Akil,Sadikali
202,16,35020,Geng,Tan
203,16,35020,Han,Dong
204,10,35020,Sarah,Fischer
205,15,35020,Daniel,Giavedoni
206,24,35020,Bruce,Griffin
207,30,35020,Jay,Sobel
208,10,35021,John,Carmichael
209,42,35021,Sharon,Cromwell
210,9,35021,Elizabeth,Hill
211,15,35021,Natalie,Hunt
212,17,35021,John,Kittredge
213,16,35021,Rob,Oliphant
214,24,35021,Syeda,Riaz
215,15,35021,Amanda,Kistindey
216,24,35021,Laurel,MacDowell
217,30,35021,Ian,Prittie
218,10,35021,Yvonne,Robertson
219,16,35022,Ed,Crewson
220,10,35022,David,Tilson
221,15,35022,Nancy,Urekar
222,24,35022,Rehya,Yazbek
223,24,35022,Allison,Brown
224,8,35022,Russ,Emo
225,16,35022,Michele,Fisher
226,30,35022,Chad,Ransom
227,10,35022,Kyle,Seeback
228,15,35022,Stefan,Wiesen
229,15,35023,Stacey,Leadbetter
230,8,35023,Andrew,Moriarity
231,10,35023,Erin,O'Toole
232,24,35023,Derek,Spence
233,16,35023,Corinna,Traill
234,16,35023,Jonathan,Giancroce
235,15,35023,Evan,Price
236,30,35023,Brenda,Virtue
237,24,35023,Sarah,Whalen-Wright
238,17,35024,Ethan,Buchman
239,15,35024,Matthew,Chisholm
240,16,35024,Marco,Mendicino
241,10,35024,Joe,Oliver
242,43,35024,Randy,Solomonovici
243,24,35024,Andrew,Thomson
244,10,35024,Chani,Aryeh-Bain
245,15,35024,Reuben,DoBoer
246,24,35024,Alexandra,Nash
247,30,35024,Michael,Staffieri
248,16,35025,Lori,Baldwin-Sands
249,28,35025,Lou,Bernardi
250,8,35025,Michael,Hopkins
251,15,35025,Bronagh,Morgan
252,24,35025,Fred,Sinclair
253,10,35025,Karen,Vecchio
254,16,35025,Pam,Armstrong
255,24,35025,Bob,Hargreaves
256,30,35025,Donald,Helkaa
257,15,35025,Ericha,Hendel
258,8,35025,Peter,Redecop
259,17,35025,Richard,Styve
260,15,35026,Jennifer,Alderson
261,16,35026,Audrey,Festeryga
262,24,35026,Tracey,Ramsey
263,19,35026,Enver,Villamizar
264,10,35026,Jeff,Watson
265,30,35026,Bill,Capes
266,10,35026,Chris,Lewis
267,24,35027,Tanya,De Mello
268,10,35027,Ted,Opitz
269,15,35027,Shawn,Rizvi
270,33,35027,Rob,Wolvin
271,16,35027,Borys,Wrzesnewskyj
272,16,35027,Yvan,Baker
273,15,35027,Cameron,Semple
274,30,35027,Nicholas,Serdiuk
275,24,35027,Heather,Vickers-Wong
276,17,35027,Mark,Wrzesniewski
277,15,35029,Akhtar,Ayub
278,10,35029,Toyin,Dada
279,19,35029,Anna,Di Carlo
280,16,35029,Kirsty,Duncan
281,24,35029,Faisal,Hassan
282,42,35029,George,Szebik
283,24,35029,Naiima,Farah
284,30,35029,Renata,Ford
285,15,35029,Nancy,Ghuman
286,10,35029,Sarabjit,Kaur
287,44,35029,Sudhir,Mehta
288,16,35028,James,Maloney
289,19,35028,Janice,Murray
290,15,35028,Angela,Salewsky
291,24,35028,Phil,Trotter
292,10,35028,Bernard,Trottier
293,43,35028,Liz,White
294,15,35028,Chris,Caldwell
295,24,35028,Branko,Gasperlin
296,10,35028,Barry,O'Brien
297,30,35028,Jude,Sulejmani
298,24,35030,Mike,DiLivio
299,16,35030,Jennifer,Stebbing
300,10,35030,David,Sweet
301,15,35030,David,Urquhart
302,24,35030,Allison,Cillis
303,15,35030,Janet,Errygers
304,30,35030,David,Tilden
171,17,35031,Jean-Serge,Brisson
172,16,35031,Francis,Drouin
305,24,35031,Normand,Laurin
306,10,35031,Pierre,Lemieux
307,15,35031,Genevieve,Malouin-Diraddo
308,30,35031,Jean-Jacques,Desgranges
309,17,35031,Darcy,Donnelly
310,42,35031,Daniel,Fey
311,28,35031,Marc-Antoine,Gagnier
312,15,35031,Marthe,Lepine
313,24,35031,Konstantine,Malakos
314,9,35032,Tristan,Dineen
315,17,35032,Alexander,Fekri
316,18,35032,Kornelis,Klevering
317,10,35032,Gloria,Kovach
318,16,35032,Lloyd,Longfield
319,15,35032,Gord,Miller
320,24,35032,Andrew,Seagram
321,9,35032,Juanita,Burnett
322,15,35032,Steve,Dyck
323,24,35032,Aisha,Jahangir
324,30,35032,Mark,Paralovos
325,10,35032,Ashish,Sachan
326,8,35032,Gordon,Truscott
327,42,35032,Michael,Wassilyn
328,42,35033,Leslie,Bory
329,8,35033,Dave,Bylsma
330,15,35033,Wayne,Ettinger
331,10,35033,Diane,Finley
332,24,35033,John,Harris
333,16,35033,Joan,Mouland
334,42,35033,Dustin,Wakeford
335,8,35033,Lily,Eggink
336,30,35033,Bob,Forbes
337,16,35033,Kim,Huffman
338,15,35033,Brooke,Martin
339,24,35033,Adrienne,Roberts
340,41,35033,Harold,Stewart
341,15,35034,Bill,MacCallum
342,16,35034,David,Marquis
343,24,35034,Mike,Perry
344,10,35034,Jamie,Schmale
345,30,35034,Gene,Balfour
346,24,35034,Barbara,Doyle
347,16,35034,Judi,Forbes
348,15,35034,Elizabeth,Fraser
349,42,35035,Maria,Anastasiou
350,18,35035,Michael,Baldasaro
351,24,35035,David,Christopherson
352,10,35035,Yonatan,Rozenszajn
353,15,35035,Ute,Schmid-Jones
354,16,35035,Anne,Tennier
355,17,35035,Rob,Young
356,10,35035,Monica,Ciriello
357,8,35035,Gary,Duyzer
358,42,35035,Edward,Graydon
359,24,35035,Matthew,Green
360,16,35035,Jasper,Kujavsky
361,42,35035,Tony,Lemma
362,15,35035,Jason,Lopez
363,30,35035,Melina,Mamone
364,42,35035,Nathalie,Yan
365,16,35036,Bob,Bratina
366,10,35036,Diane,Bubanko
367,15,35036,Erin,Davis
368,19,35036,Wendell,Fields
369,9,35036,Bob,Mann
370,24,35036,Wayne,Marston
371,16,35036,Bob,Bratina
372,30,35036,Charles,Crocker
373,10,35036,Nikki,Kaur
374,24,35036,Nick,Milanovic
375,15,35036,Peter,Ormond
376,15,35037,Raheem,Aman
377,16,35037,Shaun,Burt
378,17,35037,Andrew,Caton
379,24,35037,Scott,Duvall
380,8,35037,Jim,Enos
381,10,35037,Al,Miles
382,10,35037,Peter,Dyakowski
383,30,35037,Trevor,Lee
384,28,35037,Richard,Plett
385,16,35037,Bruno,Uggenti
386,15,35037,Dave,Urquhart
387,24,35038,Alex,Johnstone
388,15,35038,Peter,Ormond
389,10,35038,Vincent,Samuel
390,16,35038,Filomena,Tassi
391,15,35038,Victoria,Galea
392,10,35038,Bert,Laranjo
393,24,35038,Yousaf,Malik
394,30,35038,Daniel,Ricottone
395,28,35038,Spencer,Rocchi
396,24,35039,Betty,Bannon
397,16,35039,Mike,Bossio
398,10,35039,Daryl,Kramp
399,15,35039,Cam,Mather
400,30,35039,Adam,Gray
401,10,35039,Derek,Sloan
402,24,35039,David,Tough
403,15,35039,Sari,Watson
1243,24,35011,Tejinder,Singh
406,24,35121,Darnel,Harris
407,15,35121,Keith,Jarrett
408,19,35121,Christine,Nugent
409,16,35121,Judy,Sgro
410,10,35121,Kerry,Vandenberg
411,24,35121,Maria,Augimeri
412,10,35121,Iftikhar,Choudry
413,30,35121,Ania,Krosinska
414,15,35121,Mike,Schmitz
415,38,35121,Stenneth,Smith
416,24,35040,Gerard,Creces
417,10,35040,Ben,Lobb
418,15,35040,Jutta,Splettstoesser
419,16,35040,Allan,Thompson
420,30,35040,Kevin,Klerks
421,24,35040,Tony,McQuail
422,15,35040,Nicholas,Wendler
404,24,35041,John,Hansen
405,16,35041,Karen,McCrimmon
423,10,35041,Walter,Pamic
424,15,35041,Andrew,West
425,24,35041,Melissa,Coenraad
426,10,35041,Justina,McCaffrey
427,30,35041,Scott,Miller
428,15,35041,Jennifer,Purdy
429,42,35042,Kelvin,Boucher-Chicago
430,24,35042,Howard,Hampton
431,15,35042,Ember,McKillop
432,16,35042,Bob,Nault
433,10,35042,Greg,Rickford
434,10,35042,Eric,Melillo
435,30,35042,Michael,Pasquale
436,15,35042,Kirsi,Ralko
437,24,35042,Rudy,Turtle
438,15,35043,Ann,Raney
439,24,35043,Natalie,Rizzo
440,16,35043,Deb,Schulte
441,10,35043,Konstantin,Toubis
442,24,35043,Emilio,Bernardo-Ciddio	
443,10,35043,Anna,Roberts
444,30,35043,Anton,Strgacic
445,24,35044,Daniel,Beals
446,10,35044,Andy,Brooke
447,16,35044,Mark,Gerretsen
448,17,35044,Luke,McAllister
449,15,35044,Nathan,Townend
450,15,35044,Candice,Christmas
451,24,35044,Barrington,Walker
452,10,35044,Ruslan,Yakoviychuk
453,24,35045,Susan,Cadell
454,19,35045,Julian,Ichim
455,17,35045,Slavko,Miladinovic
456,16,35045,Raj,Saini
457,15,35045,Nicholas,Wendler
458,10,35045,Stephen,Woodworth
459,30,35045,Patrick,Bernier
460,24,35045,Andrew,Moraga
461,15,35045,Mike,Morrice
462,43,35045,Ellen,Papenburg
463,19,35047,Elaine,Baetz
464,24,35047,Lorne,Bruce
465,10,35047,Marian,Gagné
466,17,35047,Nathan,Lajeunesse
467,16,35047,Marwan,Tabbara
468,15,35047,David,Weber
469,41,35047,Matthew,Correia
470,10,35047,Alan,Keeso
471,24,35047,Wasai,Rahimi
472,30,35047,Joseph,Todd
473,10,35046,Harold,Albrecht
474,17,35046,Richard,Hodgson
475,15,35046,Bob,Jonkman
476,16,35046,Tim,Louis
477,24,35046,James,Villeneuve
478,15,35046,Stephanie,Goertz
479,30,35046,Koltyn,Wallar
480,24,35046,Riani,Wet
481,16,35048,Ken,Filson
482,24,35048,Rex,Isaac
483,15,35048,Jim,Johnston
484,10,35048,Bev,Shipley
485,30,35048,Bria,Atkins
486,41,35048,Rob,Lalande
487,15,35048,Anthony,Li
488,16,35048,Jesse,McCormick
489,24,35048,Dylan,Mclay
490,10,35048,Lianne,Rood
491,16,35049,Phil,Archambault
492,17,35049,Mark,Budd
493,24,35049,John,Fenik
494,15,35049,Anita,Payne
495,10,35049,Scott,Reid
496,30,35049,Matthew,Barton
497,16,35049,Kayley,Kennedy
498,15,35049,Stephen,Kotze
499,24,35049,Satinka,Schilling
500,24,35050,Margaret,Andrade
501,10,35050,Gord,Brown
502,16,35050,Mary,McFall
503,15,35050,Lorraine,Rekmans
504,10,35050,Michael,Barrett
505,16,35050,Josh,Bennett
506,30,35050,Evan,Hindle
507,24,35050,Michelle,Taylor
516,10,35052,Susan,Truppe
513,9,35052,Clara,Sorrenti
510,16,35052,Peter,Fragiskatos
509,15,35052,Carol,Dyck
508,10,35052,Sarah,Bokhari
514,24,35052,German,Gutierrez
512,24,35052,Dirka,Prout
511,30,35052,Salim,Mansur
515,19,35052,Marvin,Roman
517,17,35053,Jacques,Boudreau
518,10,35053,Ed,Holder
519,15,35053,Dimitri,Lascaris
520,9,35053,Michael,Lewis
521,24,35053,Matthew,Rowlinson
522,16,35053,Kate,Young
523,15,35053,Mary,Hodge
524,24,35053,Shawna,Lewkowitz
526,10,35053,Liz,Snelgrove
527,10,35051,Suzanna,Dieleman
528,42,35051,Ali,Hamadi
529,24,35051,Irene,Mathyssen
530,15,35051,Matthew,Peloza
531,16,35051,Khalil,Ramal
532,42,35051,Stephen,Campbell
533,15,35051,Tom,Cull
534,16,35051,Mohamed,Hammoud
535,30,35051,Bela,Kosoian
536,24,35051,Lindsay,Mathyssen
537,10,35051,Michael,van Holst
1244,10,35012,Jermaine,Chambers
540,10,35054,Paul,Calandra
541,24,35054,Gregory,Hines
542,15,35054,Myles,O'Brien
543,16,35054,Jane,Philpott
544,10,35054,Theodore,Anthony
545,24,35054,Hal,Berman
546,16,35054,Helena,Jaczek
547,30,35054,Jeremy,Lin
548,15,35054,Roy,Long
549,24,35055,Senthi,Chelliah
550,10,35055,Jobson,Easow
551,16,35055,John,McCallum
552,15,35055,Joshua,Russell
553,42,35055,Josephbai,Macwan
554,16,35055,Mary,Ng
555,30,35055,Peter,Remedios
556,24,35055,Paul,Sahbaz
557,15,35055,Chris,Williams
558,10,35055,Alex,Yuan
559,16,35056,Bang-Gu,Jiang
560,15,35056,Elvin,Kao
561,10,35056,Bob,Saroya
562,24,35056,Colleen,Zimmerman
563,30,35056,Sarah,Chung
564,24,35056,Gregory,Hines
565,16,35056,Alan,Ho
566,24,35057,Alex,Anabusi
567,15,35057,Mini,Batra
568,17,35057,Chris,Jewell
569,10,35057,Lisa,Raitt
570,16,35057,Azim,Rizvee
571,30,35057,Percy,Dastur
572,24,35057,Farina,Hassan
573,15,35057,Eleanor,Hayward
574,16,35057,Adam,Koeverden
575,16,35058,Omar,Alghabra
576,24,35058,Farheen,Khan
577,15,35058,Linh,Nguyen
578,10,35058,Julius,Tiangson
579,30,35058,David,Micalef
580,10,35058,Milad,Mikael
581,15,35058,Hugo,Reinoso
582,42,35058,Greg,Vezina
583,24,35058,Sarah,Walji
584,15,35059,Jaymini,Bhikha
585,16,35059,Peter,Fonseca
586,10,35059,Wladyslaw,Lizon
587,24,35059,Ali,Naqvi
588,19,35059,Tim,Sullivan
589,19,35059,Anna,Di Carlo
590,15,35059,Maha,Rasheed
591,30,35059,Syed,Rizvi
592,24,35059,Tom,Takacs
593,24,35060,Michelle,Bilek
594,10,35060,Bob,Dechert
595,16,35060,Iqra,Khalid
596,15,35060,Andrew,Roblin
597,30,35060,Hazar,Alsabagh
598,15,35060,Remo,Boscarino-Gaetano
599,24,35060,Salman,Tariq
600,10,35060,Hani,Tawfilis
601,10,35061,Stella,Ambler
602,15,35061,Ariana,Burgener
603,24,35061,Eric,Guerbilsky
604,16,35061,Sven,Spengemann
605,19,35061,Dagmar,Sullivan
606,17,35061,Paul,Woodworth
607,38,35061,Carlton,Darby
608,24,35061,Adam,Laughton
609,15,35061,Cynthia,Trentelman
610,30,35061,Eugen,Vizitiu
611,16,35062,Navdeep,Bains
612,24,35062,Dianne,Douglas
613,10,35062,Jagdish,Grewal
614,15,35062,Heather,Mercer
615,42,35062,Naresh,Tharani
616,38,35062,Prudence,Buchanan
617,19,35062,Frank,Chilelli
618,24,35062,Nikki,Clarke
619,30,35062,Tahir,Gora
620,15,35062,Christina,Porter
621,10,35062,Tom,Varughese
622,10,35063,Brad,Butt
623,15,35063,Chris,Hill
624,24,35063,Fayaz,Karim
625,16,35063,Gagan,Sikand
626,8,35063,Yegor,Tarazevich
627,24,35063,Samir,Girguis
628,30,35063,Thomas,McIver
629,10,35063,Ghada,Melek
630,43,35063,Natalie,Spizzirri
631,16,35064,Chandra,Arya
632,15,35064,Jean-Luc,Cooke
633,42,35064,Jesus,Cosico
634,24,35064,Sean,Devine
635,42,35064,Hubert,Mamba
636,19,35064,Tony,Seed
637,42,35064,Harry,Splett
638,10,35064,Andy,Wang
639,24,35064,Zaff,Ansari
640,30,35064,Azim,Hooda
641,10,35064,Brian,St. Louis
642,9,35064,Dustan,Wang
1245,24,35012,Gurprit,Gill
645,33,35065,Dorian,Baxter
646,10,35065,Lois,Brown
647,24,35065,Yvonne,Kelly
648,15,35065,Vanessa,Long
649,16,35065,Kyle,Peterson
650,15,35065,Walter,Bauer
651,16,35065,Tony,Bynen
652,28,35065,Laurie,Goble
653,30,35065,Andrew,McCaughtrie
643,24,35066,Malcolm,Allen
644,16,35066,Vance,Badawey
654,15,35066,David,Clow
655,43,35066,Jody,Di Bartolomeo
656,10,35066,Leanna,Villella
657,19,35066,Ron,Walker
658,8,35066,Nic,Bylsma
659,10,35066,April,Jeffs
660,30,35066,Andrew,Sainz-Nieto
661,15,35066,Michael,Tomaino
662,19,35066,Robert,Walker
663,24,35067,Carolynn,Ioannoni
664,10,35067,Rob,Nicholson
665,16,35067,Ron,Planche
666,15,35067,Steven,Soos
667,10,35067,Tony,Baldinelli
668,24,35067,Brian,Barker
669,16,35067,Andrea,Kaiser
670,15,35067,Sandra,O'Connor
671,8,35067,Tricia,O'Connor
672,42,35067,Mike,Strange
673,30,35067,Alexander,Taylor
1246,42,35012,Sivakumar,Ramasamy
676,10,35068,Dean,Allison
677,17,35068,Allan,de Roo
678,15,35068,Sid,Frere
679,8,35068,Harold,Jonker
680,24,35068,Nameer ,Rahman
681,16,35068,Phil,Rose
682,16,35068,Ian,Bingham
683,30,35068,Miles,Morton
684,15,35068,Terry,Teather
685,24,35069,Claude,Gravelle
686,10,35069,Aino,Laamanen
687,15,35069,Stuart ,McCall
688,16,35069,Marc,Serré
689,19,35069,Dave,Starbuck
690,15,35069,Casey,Lalonde
691,30,35069,Mikko,Paavola
692,24,35069,Stef,Paquette
693,24,35070,Rob,Boulet
694,10,35070,Jordy ,Carr
695,15,35070,Alex,Gomm
696,30,35070,Mark,King
697,16,35070,Anthony,Rota
698,10,35070,Jay,Aspin
699,24,35070,Kathleen,Jodouin
700,15,35070,Nicole,Peltier
701,24,35071,Russ,Christianson
702,10,35071,Adam,Moulton
703,16,35071,Kim,Rudd
704,15,35071,Patricia,Sinnott
705,10,35071,Philip,Lawrence
706,24,35071,Mallory,MacDonald
707,30,35071,Frank,Vaughan
708,15,35071,Jeff,Wheeldon
709,24,35072,Jerome,Adamo
710,16,35072,Anita,Anand
711,15,35072,James,Elwick
712,30,35072,JD,Meaney
713,8,35072,Sushila,Pereira
714,10,35072,Terence,Young
715,15,35072,David,Doel
716,24,35072,Che,Marville
717,16,35072,John,Oliver
718,24,35073,Janice,Best
719,17,35073,David,Clement
720,16,35073,Pam,Damoff
721,15,35073,Adnan,Shahbaz
722,10,35073,Effie,Triantafilopoulos
723,24,35073,Nicolas,Dion
724,15,35073,Michael,Houghton
725,30,35073,Gilbert,Jubinville
726,10,35073,Sean,Weir
727,10,35076,Royal,Galipeau
728,16,35076,Andrew,Leslie
729,15,35076,Raphaël,Morin
730,24,35076,Nancy,Tremblay
731,10,35076,David,Bertschi
732,16,35076,Marie-France,Lalonde
733,15,35076,Michelle,Peterson
734,30,35076,Roger,Saint-Fleur
735,24,35076,Jacqui,Wiens
736,10,35074,Colin,Carrie
737,15,35074,Michael,Dempsey
738,24,35074,Mary,Fowler
739,19,35074,David,Gershuny
740,16,35074,Tito-Dante,Marimpietri
741,16,35074,Afroza,Hossain
742,30,35074,Eric,Mackenzie
743,24,35074,Shailene,Panylo
744,15,35074,Jovannah,Ramsden
745,9,35074,Jeff,Tomlinson
746,43,35075,Shelby,Bertrand
747,10,35075,Carol,Clemenhagen
748,17,35075,Coreen,Corcoran
749,42,35075,Giang,Ha Thu Vo
750,42,35075,Chris,Jones
751,15,35075,Angela,Keller-Herzog
752,8,35075,Marie-Chantal,Leriche
753,16,35075,Catherine,McKenna
754,9,35075,Stuart,Ryan
755,30,35075,Merylee,Sevilla
756,24,35075,Emilie,Taman
757,18,35075,John,Akpata
758,24,35075,Paul,Dewar
759,17,35075,Dean,Harris
760,10,35075,Damian,Konstantinakos
761,28,35075,Conrad,Lukawski
762,16,35075,Catherine,McKenna
763,15,35075,Tom,Milroy
764,10,35077,Dev,Balkissoon
765,24,35077,George,Brown
766,33,35077,Al,Gullon
767,16,35077,David,McGuinty
768,15,35077,John,Redins
769,9,35077,Larry,Wasslen
770,17,35077,Damien,Wilson
771,30,35077,Rodrigo,Bolanos
772,42,35077,Ahmed,Bouragba
773,24,35077,Morgan,Gay
774,42,35077,Sarmad,Laith
775,15,35077,Les,Schram
776,10,35077,Eli,Tannis
777,10,35079,Abdul,Abdi
778,9,35079,Vincent,Cama
779,30,35079,Serge,Guevorkian
780,19,35079,Nick,Lin
781,24,35079,Angella,MacEwan
782,42,35079,Butch,Moore
783,8,35079,Sean,Mulligan
784,15,35079,David,Stibbe
785,16,35079,Anita,Vandenbeld
786,15,35079,Mark,Brooks
787,19,35079,Sam,Heaton
788,24,35079,Marlene,Rivier
789,8,35079,Rod,Taylor
790,16,35078,Mauril,Bélanger
791,17,35078,Coreen,Corcoran
792,15,35078,Nira,Dookeran
793,19,35078,Christian,Legeais
794,10,35078,David,Piccini
795,24,35078,Emilie,Taman
796,42,35078,Joel,Altman
797,10,35078,Joel,Bernard
798,30,35078,Paul,Durst
799,16,35078,Mona,Fortier
800,42,35078,Daniel,McHugh
801,24,35078,Stephanie,Mercier
802,28,35078,Derek,Miller
803,15,35078,Oriana,Ngabirano
804,9,35078,Michelle,Paquette
805,8,35080,Melody,Aldred
806,15,35080,Lisa,Birtch-Carriere
807,24,35080,Matthew,Chambers
808,16,35080,Brendan,Knight
809,10,35080,Dave,MacKenzie
810,30,35080,Wendy,Martin
811,15,35080,Mike,Farlow
812,24,35080,Zoé,Kunschner
813,16,35080,Don,McKay
814,10,35081,Ian,Allen
815,19,35081,Lorne,Gershuny
816,17,35081,Mark,Jeftovic
817,24,35081,Peggy,Nash
818,18,35081,Terry,Parker
819,15,35081,Adam,Phipps
820,42,35081,Carol,Royer
821,16,35081,Arif,Virani
822,15,35081,Nick,Capra
823,9,35081,Alykhan,Pabani
824,10,35081,Adam,Pham
825,24,35081,Paul,Taylor
826,30,35081,Greg,Wycliffe
827,10,35082,Scott,Aitchison
828,16,35082,Trisha,Cowie
829,15,35082,Gord,Miller
830,42,35082,Daniel,Predie Jr.
831,24,35082,Tom,Young
832,32,35082,Duncan,Bell
833,10,35082,Tony,Clement
834,15,35082,Glen,Hodgson
835,24,35082,Matt,McCarthy
836,5,35082,Gordie,Merton
837,19,35082,Albert,Smith
838,8,35083,Irma,DeVries
839,42,35083,Roger,Fuhr
840,16,35083,Stephen,McCotter
841,10,35083,John,Nater
842,24,35083,Ethan,Rabidoux
843,15,35083,Nicole,Ramsdale
844,24,35083,Geoff,Krauter
845,16,35083,Mirie,Mitchell
846,15,35083,Collan,Simmons
847,13,35084,Toban,Leckie
848,15,35084,Doug,Mason
849,16,35084,Maryam,Monsef
850,24,35084,Dave,Nickle
851,10,35084,Michael,Skinner
852,42,35084,Robert,Bowers
853,15,35084,Andrew,MacGregor
854,30,35084,Alexander,Murphy
855,35,35084,Ken,Ranney
856,24,35084,Candace,Shaw
857,10,35084,Michael,Skinner
858,30,35085,Corneliu,Chisu
859,15,35085,Peter,Forint
860,24,35085,Eileen,Higdon
861,10,35085,Cyma,Musarat
862,16,35085,Jennifer,O'Connell
863,24,35085,Pamela,Downward
864,15,35085,Anthony,Navarro
865,42,35086,Hector,Clouthier
866,10,35086,Cheryl,Gallant
867,15,35086,Stefan,Klietsch
868,16,35086,Jeff,Lehoux
869,24,35086,Dan,McCarthy
870,30,35086,David,Ainsworth
871,41,35086,Robert,Cherrin
872,42,35086,Dan,Criger
873,42,35086,Jonathan,Davis
874,24,35086,Eileen,Jones-Whyte
875,42,35086,Dheerendra,Kumar
876,16,35086,Ruben,Marini
877,15,35086,Ian,Pineau
878,24,35087,Adam,DeVita
879,16,35087,Majid,Jowhari
880,15,35087,Ichha,Kohli
881,10,35087,Costas,Menegakis
882,30,35087,Igor,Tvorogov
883,28,35087,Otto,Wevers
884,10,35087,Michael,Parsa
885,15,35087,Gwendolyn,Veenema
886,10,35091,Marilyn,Gladu
887,24,35091,Jason,McMichael
888,16,35091,Dave,McPhail
889,15,35091,Peter,Smith
890,30,35091,Brian,Everaert
891,10,35091,Marilyn,Gladu
892,24,35091,Adam,Kilner
893,8,35091,Thomas,Laird
894,16,35091,Carmen,Lemieux
895,24,35092,Sara,McCleary
896,15,35092,Geo,McLean
897,16,35092,Terry,Sheehan
898,10,35092,Sonny,Spina
899,30,35092,Amy,Zuccato
900,15,35092,Kara,Flannigan
901,10,35092,Bryan,Hayes
902,24,35092,Skip,Morrison
903,19,35092,Mike,Taffarel
904,17,35094,Katerina,Androutsos
905,10,35094,Roxanne,James
906,15,35094,Lindsay,Thompson
907,24,35094,Alex,Wilson
908,16,35094,Salma,Zahid
909,42,35094,John,Cannis
910,10,35094,Irshad,Chaudhry
911,15,35094,Dordana,Hakimzadah
912,24,35094,Faiz,Kamal
913,30,35094,Jeremiah,Vijeyaratnam
914,16,35096,Shaun,Chen
915,24,35096,Yan,Chen
916,30,35096,Jude,Guerrier
917,10,35096,David,Kong
918,38,35096,Janet,Robinson
919,15,35096,Avery,Velez
920,42,35096,Aasia,Khatoon
921,15,35096,Eleni,MacDonald
922,10,35096,Ravinder,Malhi
923,42,35096,Raphael,Rosch
924,24,35096,Rathika,Sitsabaiesan
925,16,35098,Bill,Blair
926,24,35098,Dan,Harris
927,10,35098,Roshan,Nallaratnam
928,15,35098,Tommy,Taylor
929,15,35098,Amanda,Cain
930,30,35098,Italo,Eratostene
931,43,35098,Simon,Luisi
932,24,35098,Keith,McCrady
933,10,35098,Kimberly,Smith
934,10,35093,Sean,Hu
935,30,35093,Anthony,Internicola
936,24,35093,Larisa,Julius
937,15,35093,Randi,Ramdeen
938,16,35093,Jean,Yip
939,16,35093,Arnold,Chan
940,10,35093,Bin,Chang
941,8,35093,Jude,Coutinho
942,24,35093,Laura,Patrick
943,15,35093,Debra,Scott
944,24,35095,Laura,Casselman
945,42,35095,Kevin,Clarke
946,18,35095,Paul,Coulbeck
947,15,35095,Kathleen,Holding
948,10,35095,Chuck,Konkel
949,16,35095,John,McKay
951,30,35095,Jigna,Jani
952,15,35095,Tara,McMahon
953,24,35095,Michelle,Spencer
954,45,35095,Gus,Stefanis
955,10,35095,Quintus,Thuraisingham
950,42,35095,Stephen,Abara
956,44,35095,Farhan,Alvi
957,16,35097,Gary,Anandasangaree
958,15,35097,Jessica,Hamilton
959,24,35097,Kingsley,Kwok
960,30,35097,Dilano,Sally
961,10,35097,Bobby,Singh
962,8,35097,Mark,Theodoru
963,10,35097,Leslyn,Lewis
964,24,35097,KM,Shanthikumar
965,15,35097,Calvin,Winter
966,24,35100,Richard,Banigan
967,42,35100,Jacob,Kearey-Moreland
968,16,35100,Liz,Riley
969,10,35100,Bruce,Stanton
970,15,35100,Peter,Stubbins
971,8,35100,Scott,Whittaker
972,24,35100,Angelique,Belcourt
973,8,35100,Chris,Brown
974,16,35100,Gerry,Hawes
975,30,35100,Stephen,Makk
976,15,35100,Valerie,Powell
977,41,35099,Tony,D'Angelo
978,10,35099,Terry,Dowdall
979,15,35099,Sherri,Jackson
980,16,35099,Lorne,Kenney
981,24,35099,Ilona,Matthews
982,30,35099,Richard,Sommer
983,15,35099,JoAnne,Fleming
984,10,35099,Kellie,Leitch
985,24,35099,David,Matthews
986,16,35099,Mike,McEachern
987,8,35099,Len,Noordegraaf
988,10,35101,Frank,Fang
989,15,35101,Dean,Maher
990,42,35101,Marcela,Ramirez
992,16,35101,Adam,Vaughan
993,24,35101,Diana,Yoon
994,24,35101,Olivia,Chow
995,15,35101,Sharon,Danley
996,19,35101,Nick,Lin
997,29,35101,Michael,Nicula
998,10,35101,Sabrina,Zuniga
991,30,35101,Robert,Stewart
999,16,35089,Chris,Bittle
1000,10,35089,Rick,Dykstra
1001,24,35089,Susan,Erskine-Fournier
1002,15,35089,Jim,Fannon
1003,9,35089,Saleh,Waziruddin
1004,30,35089,Allan,DeRoo
1005,15,35089,Travis,Mason
1006,24,35089,Dennis,Meer
1007,10,35089,Krystina,Waler
1008,15,35102,Raheem,Aman
1009,10,35102,Eric,Duncan
1010,16,35102,Heather,Megill
1011,24,35102,Kelsey,Schmitz
1012,30,35102,Sabile,Trimm
1013,24,35102,Patrick,Burger
1014,16,35102,Bernadette,Clement
1015,15,35102,Elaine,Kennedy
1016,10,35102,Guy,Lauzon
1017,42,35103,Jean-Raymond,Audet
1018,10,35103,Paul,Lefebvre
1019,24,35103,Paul,Loewenberg
1020,42,35103,J,Popescu
1021,15,35103,David,Robinson
1022,9,35103,Elizabeth,Rowley
1023,10,35103,Fred,Slade
1024,15,35103,Bill,Crumplin
1025,43,35103,Chanel,Lalonde
1026,24,35103,Beth,Mairs
1027,30,35103,Sean,Paterson
1028,10,35103,Piere,St-Amant
1029,42,35103,Charlene,Sylvestre
1030,28,35104,Nathan,Bregman
1031,16,35104,Gary,Gladstone
1032,10,35104,Peter,Kent
1033,44,35104,Waseem,Malik
1034,24,35104,Sara,Petrucci
1035,15,35104,Josh,Rachlis
1036,17,35104,Gene,Balfour
1037,24,35104,Lorne,Cherry
1038,16,35104,Nancy,Coldham
1039,34,35104,Margaret,Fairbairn
1040,10,35105,Moe,Comuzzi-Stehamann
1041,15,35105,Christy,Radbourne
1042,24,35105,John,Rafferty
1043,16,35105,Don,Rusnak
1044,30,35105,Andrew,Hartnell
1045,15,35105,Amanda,Moddejonge
1046,16,35105,Marcus,Powlowski
1047,10,35105,Linda,Rydholm
1048,24,35105,Yuk-Sem,Won
1049,24,35106,Anna,Achneepineskum
1050,16,35106,Patty,Hajdu
1051,15,35106,Bruce,Hyer
1052,30,35106,Youssef,Khanjari
1053,10,35106,Frank,Pullia
1054,17,35106,Alexander,Vodden
1055,24,35106,Andrew,Foulds
1056,10,35106,Richard,Harvey
1057,42,35106,Robert,Skaf
1058,24,35107,Charlie,Angus
1059,10,35107,John,Curley
1060,15,35107,Max,Kennedy
1061,16,35107,Todd,Lever
1062,16,35107,Michelle,Boileau
1063,10,35107,Kraymr,Grenke
1064,30,35107,Renaud,Roy
1065,28,35108,Sean,Carson
1066,24,35108,Brian,Chang
1067,10,35108,Bronwyn,Cragg
1068,19,35108,Philip,Fernandez
1069,10,35108,Ryan,Lester
1070,43,35108,Rob,Lewin
1071,16,35108,Bill,Morneau
1072,15,35108,Annamie,Paul
1073,42,35108,Jason,Tavares
1074,9,35108,Mariam,Ahmad
1075,15,35108,Colin,Biggin
1076,10,35108,Julian,Di Battista
1077,24,35108,Linda,McQuaig
1078,42,35108,Jordan,Stone
1079,43,35109,Elizabeth,Abbott
1080,9,35109,Ivan,Byard
1081,10,35109,Zia,Choudhary
1082,16,35109,Julie,Dabrusin
1083,42,35109,John,Kladitis
1084,24,35109,Min,Lee
1085,30,35109,Tara,Remedios
1086,15,35109,Chris,Tolley
1087,10,35109,Benjamin,Dichter
1088,33,35109,John,Richardson
1089,24,35109,Craig,Scott
1090,15,35109,Chris,Tolley
1091,16,35090,Carolyn,Bennett
1092,15,35090,Sarah,Climenhaga
1093,30,35090,John,Kellen
1094,24,35090,Alok,Mukherjee
1095,10,35090,Jae,Truesdell
1096,15,35090,Kevin,Farmer
1097,10,35090,Marnie,MacDougall
1098,24,35090,Noah,Richler
1099,36,35110,David,Berlin
1100,16,35110,Chrystia,Freeland
1101,9,35110,Drew,Garvie
1102,24,35110,Jennifer,Hollett
1103,10,35110,Karim,Jivraj
1104,43,35110,Simon,Luisi
1105,19,35110,Steve,Rutchinski
1106,17,35110,Jesse,Waslowski
1107,15,35110,Nick,Wright
1108,35,35110,Karin,Brothers
1109,16,35110,Chrystia,Freeland
1110,15,35110,Tim,Grant
1111,30,35110,Aran,Lockwood
1112,10,35110,Helen-Claire,Tingling
1247,30,35012,Rahul,Samuel Zia
1248,10,35013,Larry,Brock
1113,24,35110,Melissa,Vajda
1114,43,35110,Liz,White
1115,24,35111,Peter,Devita
1116,15,35111,Raquel,Fronte
1117,42,35111,Muhammad,Khan
1118,10,35111,Teresa,Kruze
1119,30,35111,Domenic,Montesano
1120,16,35111,Francesco,Sorbara
1121,15,35111,Elise,Boulanger
1122,10,35111,Julian,Fantino
1123,17,35111,Anthony,Gualtieri
1124,24,35111,Adriana,Zichy
1125,10,35112,Peter,Braid
1126,16,35112,Bardish,Chagger
1127,24,35112,Diane,Freeman
1128,43,35112,Emma,Hawley-Yan
1129,15,35112,Richard,Walsh-Bowers
1130,24,35112,Lori,Campbell
1131,30,35112,Erika,Traub
1132,15,35112,Kirsten,Wright
1133,10,35112,Jerry,Zhang
1134,16,35113,Lesley,Barron
1135,24,35113,Andrew,Bascombe
1136,30,35113,Syl,Carle
1137,10,35113,Michael,Chong
1138,15,35113,Ralph,Martin
1139,5,35113,Harvey,Anstey
1140,15,35113,Brent,Bouteiller
1141,24,35113,Anne,Gajerski-Cauley
1142,16,35113,Don,Trant
1143,16,35114,Celinas,Caesar-Chavannes
1144,15,35114,Craig,Cameron
1145,16,35114,Ryan,Kelly
1146,42,35114,Jon,O'Connor
1147,10,35114,Pat,Perkins
1148,24,35114,Brian,Dias
1149,10,35114,Todd,McCarthy
1150,30,35114,Mirko,Pejic
1151,15,35114,Paul,Slavchenko
1152,16,35114,Ryan,Turnbull
1153,42,35115,Birinder,Ahluwalia
1154,16,35115,Ali,Ehsassi
1155,30,35115,Richard,Hillier
1156,24,35115,Leah,Kalsi
1157,10,35115,Daniel,Lee
1158,15,35115,Sharolyn,Vettese
1159,42,35115,Shodja,Ziaian
1160,15,35115,James,Arruda
1161,10,35115,Chungsen,Leung
1162,24,35115,Pouyan,Tabasinejad
1163,15,35117,Cora,LaRussa
1164,10,35117,Henry,Lau
1165,24,35117,Brian,Masse
1166,16,35117,Dave,Sundin
1167,19,35117,Margaret,Villamizar
1168,30,35117,Darryl,Burrell
1169,15,35117,Quinn,Hunt
1170,16,35117,Sandra,Pupatello
1171,19,35116,Laura,Chesnik
1172,10,35116,Jo-Anne,Gignac
1173,24,35116,Cheryl,Hardcastle
1174,15,35116,David,Momotiuk
1175,16,35116,Frank,Schiller
1176,30,35116,Darryl,Burrell
1177,15,35116,Quinn,Hunt
1178,10,35116,Henry,Lau
1179,24,35116,Brian,Masse
1180,16,35116,Sandra,Pupatello
1181,19,35116,Margaret,Villamizar
1182,24,35118,Andrea,Jiménez
1183,16,35118,Michael,Levitt
1184,10,35118,Rachel,Willson
1185,15,35118,Rebecca,Wood
1186,10,35118,Mark,Adler
1187,24,35118,Hal,Berman
1188,15,35118,Constantine,Kritsonis
1190,30,35120,Gerard,Racine
1195,17,35120,Stephen,Lepone
1191,10,35120,Jasveen,Rattan
1197,24,35120,Mike,Sullivan
1196,10,35120,James,Robinson
1193,15,35120,Nicki,Ward
1194,15,35120,John,Johnson
1192,24,35120,Yafet,Tewelde
1189,16,35120,Ahmed,Hussen
1198,15,35119,Jonathan,Arnold
1199,10,35119,Scot,Davidson
1200,17,35119,Keith,Komar
1201,30,35119,Michael,Lotter
1202,24,35119,Jessa,McLean
1203,16,35119,Cynthia,Wesley-Esquimaux
1204,24,35119,Sylvia,Gerl
1205,16,35119,Shaun,Tanaka
1206,10,35119,Peter,Van Loan
1207,15,35119,Mark,Viitala
1208,10,35001,Arshad,Awan
1249,15,35013,Karleigh,Csordas
1210,24,35001,Monique,Hughes
1211,15,35001,Leigh,Paulseth
1212,8,35002,Clarence,Baarda
1213,30,35002,Harry,Jaaskelainen
1214,16,35002,Duke,Peltier
1215,10,35002,John,Sagman
1216,15,35002,Stephen,Zimmermann
1217,24,35003,Janice,Hagan
1218,30,35003,Anthony,Siskos
1219,30,35004,Corrado,Brancato
1220,24,35004,Aleesha,Gostkowski
1221,24,35005,Sarah,Lochhead
1222,16,35005,Tanya,Saari
1223,30,35005,Chris,Webb
1224,16,35006,Erica,Charlton
1225,30,35006,Janine,LeClerc
1226,10,35006,Ryan,Williams
1227,15,35007,Reuben,Anthony DeBoer
1228,19,35007,Philip,Fernandez
1229,9,35007,Jennifer,Moxon
1230,30,35007,Radu,Rautescu
1231,10,35007,Lisa,Robinson
1232,24,35007,Alejandra,Ruiz Vargas
1233,42,35007,Karen,Lee Wilde
1250,16,35013,Alison,Macdonald
1251,24,35013,Adrienne,Roberts
1252,30,35013,Cole,Squire
1253,30,35014,Anna-Marie,Fosbrooke
1254,42,35014,Reima,Kaikkonen
1255,15,35014,Ashley,Michelle Lawrence
1256,24,35014,Christopher,Neudorf
1257,16,35014,Anne,Marie Watson
1258,30,35015,Michael,Bator
1259,10,35015,Emily,Brown
1260,28,35015,Jevin,David Carroll
1261,15,35015,Christian,Cullis
1262,24,35015,Nick,Page
1263,24,35016,Lorne,Bruce
1264,10,35016,Connie,Cody
1265,30,35016,Maggie,Segounis
1266,30,35088,Peter,Crawley
1267,15,35088,Nira,Dookeran
1268,16,35088,Gustave,Roy
1269,24,35017,Dan,Gelinas
1270,16,35017,Greg,Hetherington
1271,30,35017,Liz,Vallee
1272,24,35018,Alejandra,Bravo
1273,15,35018,Adrian,Currie
1274,30,35018,Tara,Dos Remedios
1275,10,35018,Jenny,Kalimbet
1276,16,35019,Michael,Coteau
1277,30,35019,Peter,De Marco
1278,24,35019,Simon,Topp
1279,10,35019,Penelope,Williams
1280,15,35020,Natalie,Telfer
1281,10,35020,Sabrina,Zuniga
1282,15,35021,Elvira,Caputolan
1283,7,35021,Adil,Khan
1284,30,35021,Michael,Minas
1285,15,35022,Jenni,Michelle Le Forestier
1286,42,35022,Stephen,McKendrick
1287,16,35022,Lisa,Post
1288,24,35022,Samantha,Sanchez
1289,30,35022,Anthony,Zambito
1290,42,35023,Sarah,Gabrielle Baron
1291,24,35023,Chris,Cameron
1292,30,35023,Patricia,Conlin
1293,42,35023,Kurdil-Telt,Patch
1294,28,35023,Adam,Smith
1295,15,35024,Eric,Frydman
1296,30,35024,Timothy,Gleeson
1297,10,35024,Geoff,Pollock
1298,24,35024,Caleb,Senneker
1299,16,35025,Afeez,Ajibowu
1300,24,35025,Katelyn,Cody
1301,30,35025,Chelsea,Hillier
1302,15,35025,Amanda,Stark
1303,30,35026,Beth,Charron-Rowberry
1304,42,35026,Andrew,George
1305,8,35026,Jeremy,Palko
1306,15,35026,Nancy,Pancheshan
1307,30,35027,Maurice,Cormier
1308,24,35027,Ashley,Da silva
1309,10,35027,Geoffrey,Turner
1310,30,35029,Jim,Boutsikakis
1311,10,35029,Priti,Lamba
1312,24,35029,Cecil,Peter
1313,42,35029,Carol,Royer
1314,10,35028,Indira,Bains
1315,28,35028,Sean,Carson
1316,19,35028,Anna,Di Carlo
1317,15,35028,Afam,Elue
1318,24,35028,Sasha,Kane
1319,30,35028,Bill,McLachlan
1320,15,35030,Thomas,Hatch
1321,10,35030,Dan,Muys
1322,24,35030,Lorne,Newick
1323,30,35030,Bill,Panchyshyn
1324,16,35030,Vito,Sgro
1325,30,35031,Brennan,Austring
1326,14,35031,Marc,Bisaillon
1327,42,35031,The,Joker
1328,15,35031,Daniel,Lapierre
1329,10,35031,Susan,McArthur
1330,15,35032,Michelle,Bowman
1331,30,35032,Joshua,Leier
1332,1,35032,Karen,Levenson
1334,30,35033,Ken,Gilpin
1335,10,35033,Leslyn,Lewis
1336,8,35033,Charles,Lugosi
1337,16,35033,Karen,Matthews
1338,41,35033,George,McMorrow
1339,24,35033,Meghan,Piironen
1340,30,35034,Alison,Davidson
1341,15,35034,Angel,Godsoe
1342,24,35034,Zac,Miller
1343,30,35035,Kevin,Barber
1344,16,35035,Margaret,Bennett
1345,9,35035,Nigel,Cheriyan
1346,10,35035,Fabian,Grenning
1347,15,35035,Avra,Caroline Weinstein
1348,16,35036,Chad,Collins
1349,10,35036,Ned,Kuruc
1350,15,35036,Larry,Pattison
1351,30,35036,Mario,Ricci
1352,24,35037,Malcolm,Allen
1353,16,35037,Lisa,Hepfner
1354,30,35037,Chelsey,Taylor
1355,24,35038,Roberto,Henriquez
1356,30,35038,Dean,Woods
1357,30,35039,James,Babcock
1358,24,35039,Matilda,DeBues
1359,10,35039,Shelby,Kramp-Neuman
1360,42,35039,Jennifer,Sloan
1361,15,35039,Reg,Wilson
1362,30,35121,Raatib,Anderson
1363,10,35121,Rinku,Shah
1364,15,35121,Unblind,Tibbin
1365,24,35121,Matias,de Dovitiis
1366,24,35040,Jan,Johnstone
1367,16,35040,James,Rice
1368,42,35040,Justin,Smith
1369,30,35040,Jack,Stecho
1370,10,35041,Jennifer,McAndrew
1371,16,35041,Jenna,Sudds
1372,16,35042,David,Bruno
1373,30,35042,Craig,Martin
1374,15,35042,Remi,Rheault
1375,24,35042,Janine,Seymour
1376,15,35044,Waji,Khan
1377,10,35044,Gary,Oosterhof
1378,24,35044,Vic,Sahai
1379,30,35044,Shelley,Sayle-Udall
1380,15,35043,Roberta,Herod
1381,24,35043,Sandra,Lozano
1382,30,35043,Gilmar,Oprisan
1383,30,35045,Diane,Boskovic
1384,10,35045,Mary,Henein Thorn
1385,24,35045,Beisan,Zubi
1386,24,35047,Suresh,Arangath
1387,30,35047,Melissa,Baumgaertner
1388,16,35047,Valerie,Bradford
1389,10,35047,Tyler,Calver
1390,28,35047,Stephen,Davis
1391,42,35047,C.A.,Morrison
1392,15,35047,Gabe,Rose
1393,15,35046,Owen,Bradley
1394,30,35046,Kevin,Dupuis
1395,10,35046,Carlene,Hawley
1396,24,35046,Narine,Dat Sookram
1397,24,35048,Jason,Henry
1398,15,35048,Jeremy,Hull
1399,30,35048,Kevin,Mitchell
1400,16,35048,Sudit,Ranade
1401,30,35049,Florian,Bors
1402,16,35049,Michelle,Foxton
1403,24,35049,Steve,Garrison
1404,28,35049,Blake,Hamilton
1405,15,35049,Calvin,Neufeld
1406,16,35050,Roberta,Abbott
1407,30,35050,Alex,Cassell
1408,30,35052,Marc,Emery
1409,10,35052,Stephen,Gallant
1410,15,35052,Mary Ann,Hodge
525,30,35053,Mike,McMullen
1411,10,35053,Rob,Flack
1412,16,35053,Arielle,Kayabaga
1413,30,35051,Kyle,Free
1414,10,35051,Mattias,Vanderley
1415,15,35054,Uzair,Baig
1416,30,35054,René,De Vries
1417,24,35054,Muhammad,Ahsin Sahi
1418,10,35054,Ben,Smith
1419,10,35055,Melissa,Felian
1420,15,35055,Mimi,Lee
1421,30,35055,Ilia,Pashaev
1422,24,35055,Paul,Sahbaz
1423,10,35056,Paul,Chiang
1424,24,35056,Aftab,Qureshi
1425,10,35057,Nadeem,Akbar
1426,30,35057,Shibli,Haddad
1427,15,35057,Chris,Kowalchuk
1428,24,35057,Muhammad,Riaz Sahi
1429,30,35058,Elie,Diab
1430,15,35058,Craig,Laferriere
1431,24,35058,Teneshia,Samuel
1432,10,35058,Kathy-Ying,Zhao
1433,10,35059,Grace,Adamu
1434,42,35059,Gord,Elliott
1435,19,35059,Dagmar,Sullivan
1436,30,35059,Joseph,Westover
1437,30,35060,Michael,Bayer
1438,15,35060,Ewan,DeSilva
1439,10,35060,James,Nguyen
1440,24,35060,Kaukab,Usman
1441,10,35061,Michael,Ras
1442,15,35061,Elizabeth,Robertson
1443,30,35061,Vahid,Seyfaie
1444,16,35061,Kayleigh,Tahk
1445,24,35061,Sarah,Walji
1446,24,35062,Waseem,Ahmed
1447,15,35062,Mark,Davidson
1448,16,35062,Iqwinder,Gaheer
1449,10,35062,Clyde,Roach
1450,24,35063,Farina,Hassan
1451,10,35063,Jasveen,Rattan
1452,10,35063,Rechie,Valdez
1453,30,35063,Gurdeep,Wolosz
1454,15,35064,Gordon,Kubanek
1455,30,35064,Jay,Nera
1456,16,35064,Matt,Triemstra
1457,15,35065,Tim,Flemming
1458,30,35065,Andre,Gagnon
1459,10,35065,Harold,Kim
1460,30,35066,Michael,Kimmons
1461,15,35066,Kurtis,McCartney
1462,24,35066,Melissa,McGlashan
1463,10,35066,Graham,Speck
1464,15,35067,Melanie,Holm
1465,30,35067,Peter,Taras
1466,30,35068,Shaunalee,Derkson
1467,8,35068,Harold,Jonker
1468,15,35068,Joanna,Kocsis
1469,24,35069,Andréane,Chénier
1470,15,35069,Craig,Gravelle
1471,30,35069,David,Hobbs
1472,10,35069,Charles,Humphrey
1473,30,35070,Gregory,Galante
1474,24,35070,Scott,Robertson
1475,10,35070,Steven,Trahan
1476,30,35071,Nathan,Lang
1477,16,35071,Alison,Lester
1478,24,35071,Kim,McArthur-Jackson
1479,15,35071,Christina,Wilson
1480,10,35072,Kerry,Colborne
1481,15,35072,Oriana,Knox
1482,24,35073,Lenaee,Dupuis
1483,10,35073,Hanan,Rizkalla
1484,15,35073,Bruno,Sousa
1485,14,35076,André,Cléroux
1486,15,35076,Michael,Hartnett
1487,24,35076,Jessica,Joanis
1488,30,35076,Spencer,Oklobdzija
1489,10,35076,Mary-Elsie,Wolfe
1490,30,35074,Darryl,Mackie
1491,15,35074,Sonny,Mir
1492,42,35075,Richard,Joyal
1493,24,35075,Angella,MacEwen
1494,9,35075,Alex,McDonald
1495,16,35075,Yasir,Naqvi
1496,30,35075,Regina,Watteel
1497,30,35077,Chylow,Hall
1498,16,35077,Huda,Mukbil
1499,24,35079,Yavar,Hameed
1500,10,35079,Jennifer,Jennekens
1501,30,35079,David,Yeo
1502,14,35078,Crystelle,Bourguignon
1503,30,35078,Jean-Jacques,Desgranges
1504,17,35078,Daniel,Elford
1505,24,35078,Lyse-Pascale,Inamuco
1506,10,35078,Heidi,Jensen
1507,42,35078,Marie-Chantal,Leriche
1508,15,35078,Christian,Proulx
1509,16,35080,Elizabeth,Quinto
1510,15,35080,Bob,Reid
1511,8,35080,Allen,Scovil
1512,10,60001,Barbara,Dunlop
1513,16,60001,Brendan,Hanley
1514,15,60001,Lenore,Morris
1515,42,60001,Jonas,Jacot Smith
1516,24,60001,Lisa ,Vollans-Leduc
1517,16,60001,Larry,Bagnell
1518,24,60001,Justin,Lemphers
1519,10,60001,Jonas,Jacot Smith
1520,30,60001,Joseph,Zelezny
1521,24,60001,Melissa,Atkinson
1522,15,60001,Frank,De Jong
1523,10,60001,Ryan,Leef
1524,30,35081,Wilfried,Danzinger
1525,15,35081,Diem,Marchand-Lafortune
1526,10,35081,Nestor,Sanajko
1527,16,35081,Arif,Virani
1528,22,35082,James,Fawcett
1529,24,35082,Heather,Hay
1530,15,35082,Marc,Mantha
1531,16,35082,Jovanie,Nicoyishakiye
1532,30,35082,James,Tole
1533,30,35083,Wayne,Baker
1534,16,35083,Brendan,Knight
1535,24,35083,Kevin,Kruchkywich
1536,10,35084,Michelle,Ferreri
1537,24,35084,Joy,Lachica
1538,30,35084,Paul,Lawton
1539,15,35084,Chanté,White
1540,10,35085,Jacob,Mantle
1541,15,35086,Michael,Lariviere
1542,16,35086,Cyndi,Mills
1543,24,35086,Jodie,Primeau
1544,42,35087,Charity,DiPaola
1545,42,35087,Angelika,Keller
1546,15,35091,Stefanie,Bunko
1547,16,35091,Lois,Nantais
1548,30,35092,Kasper,Makowski
1549,24,35092,Marie,Morin-Strom
1550,22,35094,Aylwin,Mathew
1551,10,35094,Malcolm,Ponnayan
1552,30,35094,Petru,Rozoveanu
1553,7,35096,Sheraz,Khan
1554,24,35096,Christina,Love
1555,30,35096,David,Moore
1556,10,35096,Fazal,Shah
1557,24,35098,Guled,Arale
1558,10,35098,Mohsin,Bhuiyan
1559,30,35098,Ramona,Pache
1560,42,35098,David,Poon
1561,15,35093,Arjun,Balasingham
1562,10,35093,Mark,Johnson
1563,30,35093,Eric,Muraven
1564,30,35095,James,Bountrogiannis
1565,42,35095,Opa,Day
1566,7,35095,Aslam,Khan
1567,10,35095,Carmen,Wilson
1568,10,35097,Zia,Choudhary
1569,30,35097,Asad,Rehman
1570,15,35100,Krystal,Brooks
1571,10,35100,Adam,Chambers
1572,24,35100,Janet-Lynne,Durnford
1573,8,35100,Russ,Emo
1574,16,35100,Cynthia,Wesley-Esquimaux
1575,15,35099,Nicholas,Clayton
1576,24,35099,Lucas,Gillies
1577,30,35099,Adam,Minatel
1578,16,35099,Bren,Munro
1579,8,35099,Ken,Stouffer
1580,24,35101,Norm,Di Pasquale
1581,10,35101,Sukhi,Jandu
1582,30,35101,Ian,Roden
1583,15,35101,Amanda,Rosenstock
1584,16,35101,Kevin,Vuong
1585,30,35089,Rebecca,Hahn
1586,24,35089,Trecia,McLennon
1587,15,35089,Catharine,Rhodes
1588,30,35102,David,Anber
1589,24,35102,Trevor,Kennedy
1590,16,35102,Denis,Moquin
1591,15,35102,Jeanie,Warnock
1592,16,35103,Viviane,LaPointe
1593,30,35103,Colette,Methé
1594,10,35103,Ian,Symington
1595,24,35103,Nadia,Verrelli
1596,30,35104,Samuel,Greenfield
1597,10,35104,Melissa,Lantsman
1598,15,35104,Daniella,Mikanovsky
1599,24,35104,Raz,Razvi
1600,30,35105,Alan,Aubut
1601,15,35105,Tracey,MacKinnon
1602,10,35105,Adelina,Pecchia
1603,24,35106,Chantelle,Bryson
1604,30,35106,Rick,Daines
1605,15,35106,Amanda,Moddejonge
1606,10,35106,Joshua,Taylor
1607,24,35107,Steve,Black
1608,10,35107,Morgan,Ellerton
1609,30,35107,Stephen,MacLeod
1610,9,35108,Ivan,Byard
1611,16,35108,Marci,Ien
1612,30,35108,Syed,Jaffery
1614,1,35108,Peter,Stubbins
1615,10,35109,Michael,Carey
1616,42,35109,Habiba,Desai
1617,24,35109,Clare,Hacksel
1618,9,35109,Elizabeth,Rowley
1619,30,35109,Wayne,Simmons
1620,15,35109,Maryem,Tollar
1621,1,35109,Liz,White
1622,24,35090,Sidney,Coles
1623,15,35090,Phil,De Luna
1624,10,35090,Stephanie,Osadchuk
1625,30,35090,Peter,Remedios
1626,30,35110,David,Kent
1627,24,35110,Nicole,Robicheau
1628,10,35110,Steven,Taylor
1629,30,35111,Mario,Greco
1630,42,35111,Luca,Mele
1631,10,35111,Angela,Panacci
1632,24,35112,Jonathan,Cassels
1633,30,35112,Patrick,Doucette
1634,10,35112,Meghan,Shannon
1635,15,35112,Karla,Fajardo
1636,24,35113,Noor,Jahangir
1637,16,35113,Melanie,Lang
1638,15,35113,Ran,Zhu
1639,30,35114,Thomas,Androvic
1640,15,35114,Johannes,Kotilainen
1641,10,35114,Maleeha,Shahid
1642,24,35115,Hal,Berman
1643,15,35115,Anna,Gorka
1644,30,35115,Al,Wahab
1645,30,35117,Matthew,Giancola
1646,10,35117,Anthony,Orlando
1647,10,35116,Kathy,Borrelli
1648,30,35116,Victor,Green
1649,16,35116,Irek,Kusmierczyk
1650,15,35116,Henry,Oulevey
1651,24,35118,Kemal,Ahmed
1652,10,35118,Joel,Etienne
1653,30,35118,Nixon,Nguyen
1654,16,35118,Ya'ara,Saks
1655,30,35120,Sitara,Chiu
1656,24,35120,Hawa,Mire
1657,10,35120,Sajanth,Mohan
1658,24,35119,Benjamin,Jenkins
1659,16,35119,Daniella,Johnson
1660,15,24001,Patrick,Benoit
1661,16,24001,Pierre,Dufour
1662,3,24001,Luc,Ferland
1663,28,24001,Mario,Gagnon
1664,10,24001,Steven,Hébert
1665,24,24001,Romeo,Saganash
1666,16,24001,Isabelle,Bergeron
1667,3,24001,Sylvie,Bérubé
1668,15,24001,Kiara,Cabana-Whiteley
1669,10,24001,Martin,Ferron
1670,30,24001,Guillaume,Lanouette
1671,24,24001,Jacline,Rouleau
1672,18,24001,Daniel,Simon
1673,14,24001,Cédric,Brazeau
1674,30,24001,Michaël,Cloutier
1675,10,24001,Steve,Corriveau
1676,16,24001,Lise,Kistabish
1677,24,24001,Pauline,Lameboy
1678,18,24001,Jimmy,Levesque
1679,15,24001,Didier,Pilon
1680,15,24002,Aline,Bégin
1681,10,24002,Benoit,Fortin
1682,28,24002,Pascal,Gélinas
1683,24,24002,Christine,Moore
1684,3,24002,Yvon,Moreau
1685,16,24002,Claude,Thibault
1686,30,24002,Jacques,Girard
1687,24,24002,Alain,Guimond
1688,3,24002,Sébastien,Lemire
1689,10,24002,Mario,Provencher
1690,15,24002,Martin,Chartrand
1691,10,24002,Luis,Venegas
1692,28,24002,Joël,Lirette
1693,14,24002,Dany,Goulet
1694,30,24002,Eric,Lacroix
1695,16,24002,William,Legault-Lacasse
1696,24,24002,Bethany,Stewart
1697,3,24003,Nicolas,Bourdon
1698,28,24003,Catherine,Gascon-David
1699,16,24003,Mélanie,Joly
1700,15,24003,Gilles,Mercier
1701,10,24003,Wiliam,Moughrabi
1702,24,24003,Maria,Mourani
1703,30,24003,Raymond,Ayas
1704,24,24003,Zahia,El-Masri
1705,10,24003,Kathy,Laframboise
1706,15,24003,Jean-Michel,Lavarenne
1707,3,24003,André,Parizeau
1708,24,24003,Ghada,Chaabi
1709,30,24003,Manon,Chevalier
1710,10,24003,Steven,Duarte
1711,15,24003,Luc,Joli-Coeur
1712,3,24003,Anna,Simonyan
1713,15,24004,Lynda,Briguene
1714,16,24004,Angelo,Iacono
1715,42,24004,Renata,Isopo
1716,24,24004,Rosane,Lefebvre
1717,10,24004,Gabriel,Purcarus
1718,3,24004,Daniel,St-Hilaire
1719,27,24004,Julius,Bute
1720,42,24004,Dwayne,Cappelletti
1721,30,24004,Matthieu,Couture
1722,10,24004,Angelo,Esposito
1723,15,24004,Marguerite,Howells
1724,24,24004,Andriana,Kocini
1725,3,24004,Michel,Lachance
1726,15,24004,Pierre-Alexandre,Corneillet
1727,14,24004,Dwayne,Cappelletti
1728,10,24004,Angiolino,D'Anello
1729,3,24004,Isabel,Dion
1730,24,24004,Cindy,Mercer
1731,3,24005,Jonathan,Beauchamp
1732,24,24005,Chantal,Crête
1733,10,24005,Maxime,Hupé-Labelle
1734,15,24005,Audrey,Lamarche
1735,16,24005,Stéphane,Lauzon
1736,3,24005,Yves,Destroismaisons
1737,30,24005,Sherwin,Edwards
1738,10,24005,Marie,Louis-Seize
1739,24,24005,Charlotte,Smoley
1740,15,24005,Marjorie,Valiquette
1741,14,24005,Paul,Lynes
1742,30,24005,Marc,Vachon
1743,24,24005,Michel,Welt
1744,24,24006,Joël,Charest
1745,3,24006,Kédina,Fleury-Samson
1746,13,24006,Jean-François,Fortin
1747,16,24006,Rémi,Massé
1748,28,24006,Êric,Normand
1749,10,24006,André,Savoie
1750,15,24006,Sherri,Springle
1751,30,24006,Eric,Barnabé
1752,28,24006,Mathieu,Castonguay
1753,24,24006,Remi-Jocelyn,Cote
1754,3,24006,Kristina,Michaud
1755,15,24006,James,Morrison
1756,10,24006,Natasha,Tremblay
1757,10,24006,Germain,Dumas
1758,14,24006,Mélanie,Gendron
1759,24,24006,Christel,Marchand
1760,16,24006,Louis-Éric,Savoie
1761,10,24007,Maxime,Bernier
1762,15,24007,Céline,MacDonald
1763,24,24007,Daniel,Royer
1764,3,24007,Stéphane,Trudel
1765,16,24007,Adam,Veilleux
1766,30,24007,Maxime,Bernier
1767,28,24007,Maxime,Bernier
1768,15,24007,Josiane,Fortin
1770,10,24007,Richard,Lehoux
1771,3,24007,Guillaume,Rodrigue
1772,14,24007,Chantale,Giguère
1773,16,24007,Philippe-Alexandre,Langlois
1774,18,24007,Sébastien,Tanguay
1775,3,24007,Solange,Thibodeau
1776,15,24007,Andrzej,Wisniowski
1769,24,24007,François,Jacques-Côté
1777,10,24020,Sylvie,Boucher
1778,13,24020,Mario,Pelchat
1779,3,24020,Sébastien,Dufour
1780,15,24020,Patrick,Kerr
1781,24,24020,Jonathan,Tremblay
1782,16,24020,Jean-Roger,Vigneau
1783,42,24020,Raymond,Bernier
1784,24,24020,Gerard,Briand
1785,3,24020,Caroline,Desbiens
1786,16,24020,Manon,Fortin
1787,15,24020,Richard,Guertin
1788,30,24020,Jean-Claude,Parent
1789,15,24020,Frédéric,Amyot
1790,16,24020,Alexandra,Bernier
1791,24,24020,Frédéric,Du Verle
1792,14,24020,Chantal,Laplante
1793,10,24020,Véronique,Laprise
1794,30,24020,Jenniefer,Lefrançois
1795,42,24020,Vicky,Lépine
1796,17,24008,Francis,Bedard
1797,3,24008,Doni,Berberi
1798,16,24008,Antoine,Bujold
1799,10,24008,Alupa,Clarke
1800,24,24008,Raymond,Côté
1801,15,24008,Dalila,Elhak
1802,13,24008,Bladimir,Laborit
1803,24,24008,Simon-Pierre,Beaudet
1804,30,24008,Alicia,Bedard
1805,19,24008,Claude,Moreau
1806,3,24008,Julie,Vignola
1807,24,24008,Camille,Garon
1808,16,24008,Ann,Gingras
1809,14,24008,Lyne,Verret
1810,15,24009,Corina,Bastiani
1811,16,24009,Claude,Carpentier
1812,10,24009,Yves,Laberge
1813,3,24009,Louis,Plamondon
1814,24,24009,Nicolas,Tabah
1815,10,24009,Pierre-Andre,Emond
1816,24,24009,Carole,Lennard
1817,16,24009,Nathalie,Rochefort
1818,30,24009,Richard,Synnott
1819,15,24009,David,Turcotte
1820,14,24009,André,Blanchette
1821,10,24009,Yanick,Caisse
1822,24,24009,Catherine,Gauvin
1823,30,24009,Eric,Pettersen
1824,15,24010,André,Belisle
1825,10,24010,Steven,Blaney
1826,24,24010,Jean-Luc,Daigle
1827,3,24010,Antoine,Dubé
1828,16,24010,Jacques,Turgeon
1829,3,24010,Sebastien,Bouchard-Theberge
1830,24,24010,Khuon,Chamroeun
1831,8,24010,Yves,Gilbert
1832,16,24010,Laurence,Harvey
1833,30,24010,Marc,Johnston
1834,15,24010,Andre,Voyer
1835,14,24010,Raymond,Arcand
1836,24,24010,Marie-Philippe,Gauthier
1837,42,24010,Chamroeun,Khuon
1838,15,24010,Hélène,Lefebvre
1839,3,24010,Marie-Christine,Richard
1840,16,24010,Daniel,Vaillancourt
1841,10,24010,Dominique,Vien
1842,10,24011,Claude,Chalhoub
1843,16,24011,Karine,Desjardins
1844,24,24011,Matthew,Dubé
1845,3,24011,Yves,Lessard
1846,17,24011,Michael,Maher
1847,15,24011,Fodé,Yansané
1848,30,24011,Chloe,Bernard
1849,3,24011,Yves-François,Blanchet
1850,27,24011,Michel,Blondin
1851,15,24011,Pierre,Carrier
1852,16,24011,Marie-Chantal,Hamel
1853,10,24011,Veronique,Laprise
1854,24,24011,Marie-Josée,Béliveau
1855,30,24011,Danila,Ejov
1856,14,24011,Mario,Grimard
1857,15,24011,Fabrice,Larrain
1858,10,24011,Stéphane,Robichaud
1859,28,24011,Thomas,Thibault-Vincent
1860,18,24011,Benjamin,Vachon
1861,24,24012,Ruth,Brosseau
1862,15,24012,Cate,Burton
1863,16,24012,Pierre,Destrempes
1864,10,24012,Marianne,Foucrault
1865,3,24012,Yves,Perron
1866,42,24012,Alain,Belanger
1867,10,24012,Josée,Bélanger
1868,28,24012,Martin,Jubinville
1869,15,24012,Eric,Laferriere
1870,18,24012,Danny,Legare
1871,30,24012,Luc,Masse
1872,16,24012,Christine,Poirier
1873,16,24012,Alexandre,Bellemare
1874,14,24012,Denis,Brown
1875,18,24012,Steven,Lamirande
1876,15,24012,Laurence,Requilé
1877,10,24012,Léo,Soulières
1878,30,24012,Geneviève,Sénécal
1879,19,24015,Claude,Brunelle
1880,15,24015,Maxime,Charron
1881,42,24015,Julie,Demers
1882,16,24015,Emmanuel,Dubourg
1883,13,24015,Jean-Marie,Ndzana
1884,24,24015,Dolmine,Laguerre
1885,3,24015,Gilles,Léveillé
1886,10,24015,Jason,Potasso-Justino
1887,15,24015,Payton,Ashe
1888,42,24015,Joseph,Iorio
1889,24,24015,Konrad,Lamour
1890,3,24015,Anne-Marie,Lavoie
1891,10,24015,Catherine,Lefebvre
1892,30,24015,Louis,Leger
1893,19,24015,Françoise,Roy
1894,3,24015,Ardo,Dia
1895,30,24015,Michel,Lavoie
1896,15,24015,Nathe,Perrone
1897,24,24015,Nicholas,Ponari
1898,42,24015,Michel,Prairie
1899,10,24015,Ilyasa,Sykes
1900,24,24016,Catherine,Lusson
1901,3,24016,Patrick,Melchior
1902,15,24016,Cindy,Moynan
1903,13,24016,Patrick,Paine
1904,16,24016,Denis,Paradis
1905,10,24016,Charles,Poulin
1906,3,24016,Monique,Allard
1907,16,24016,Lyne,Bessette
1908,28,24016,Steeve,Cloutier
1909,10,24016,Bruno,Côté
1910,41,24016,Lawrence,Cotton
1911,15,24016,Normand,Dallaire
1912,24,24016,Sylvie,Jette
1913,30,24016,Francois,Poulin
1914,3,24016,Marilou,Alarie
1915,15,24016,Michelle,Corcos
1916,42,24016,Dany,Desjardins
1917,10,24016,Vincent,Duhamel
1918,8,24016,Susanne,Lefebvre
1919,24,24016,Andrew,Panton
1920,14,24016,Maryse,Richard
1921,16,24016,Pascale,St-Onge
1922,30,24016,Alexis,Stogowski
1923,10,24017,Qais,Hamidi
1924,15,24017,Fang,Hu
1925,3,24017,Suzanne,Lachance
1926,24,24017,Hoang,Mai
1927,16,24017,Alexandra,Mendès
1928,24,24017,Marc,Audet
1929,3,24017,Marie-Claude,Diotte
1930,10,24017,Glenn,Hoa
1931,15,24017,Gregory,Luca
1932,30,24017,Sam,Nassif
1933,10,24017,Marcos,Alves
1934,3,24017,Marie-Laurence,Desgagné
1935,14,24017,Engineer-Ingénieur,Hu
1936,30,24017,Brenda,Ross
1937,15,24019,Nathalie,Baudet
1938,16,24019,Jean,Côté
1939,24,24019,Anne-Marie,Day
1940,10,24019,Pierre,Paul-Hus
1941,3,24019,Marc,Turmel
1942,24,24019,Guillaume,Bourdeau
1943,16,24019,Rene-Paul,Coly
1944,3,24019,Alain,D'Eer
1945,15,24019,Samuel,Moisan-Domm
1946,30,24019,Joey,Pronovost
1947,30,24019,Wayne,Cyr
1948,24,24019,Michel,Lacroix
1949,3,24019,Marie-Christine,Lamontagne
1950,15,24019,Jacques,Palardy-Dion
1951,14,24019,Daniel,Pelletier
1952,24,24021,Sylvain,Chicoine
1953,15,24021,Jency,Mercier
1954,16,24021,Brenda,Shanahan
1955,10,24021,Philippe,St-Pierre
1956,3,24021,Sophie,Stanké
1957,19,24021,Linda,Sullivan
1958,30,24021,Jeff,Benoit
1959,19,24021,Pierre,Chénier
1960,27,24021,Marc,Gagnon
1961,15,24021,Meryam,Haddad
1962,24,24021,Marika,Lalime
1963,10,24021,Hugues,Laplante
1964,3,24021,Claudia,Valdivia
1965,10,24021,Pierre,Bournaki
1966,14,24021,André,Lafrance
1967,3,24021,Patrick,O'Hara
1968,15,24021,Frédéric,Olivier
1969,24,24021,Hannah,Wolker
1970,3,24022,Élise,Gauthier
1971,16,24022,Denis,Lemieux
1972,24,24022,Dany,Morin
1973,15,24022,Dany,Saint-Gelais
1974,10,24022,Caroline,Ste-Marie
1975,28,24022,Line,Belanger
1976,16,24022,Dajana,Dautovic
1977,24,24022,Stéphane,Girard
1978,10,24022,Richard,Martel
1979,3,24022,Valérie,Tremblay
1980,30,24022,Jimmy,Voyer
1981,15,24022,Lynda,Youde
1982,3,24022,Julie,Bouchard
1983,16,24022,Jean,Duplain
1984,15,24022,Yves,Laporte
1985,24,24022,Ismaël,Raymond
1986,16,24023,Marie-Claude,Bibeau
1987,3,24023,France,Bonsant
1988,28,24023,Kévin,Côté
1989,10,24023,Gustavo,Labrador
1990,15,24023,Korie,Marshall
1991,24,24023,Jean,Rousseau
1992,3,24023,David,Benoît
1993,24,24023,Naomie,Chauvette
1994,10,24023,Jessy,Neil
1995,30,24023,Paul,Reed
1996,28,24023,Jonathan,Therrien
1997,24,24023,Geneva,Allen
1998,30,24023,Yves,Bourassa
1999,3,24023,Nathalie,Bresse
2000,15,24023,Sylvain,Dodier
2001,14,24023,Déitane,Gendron
2002,42,24023,Sylvain,Longpré
2003,10,24023,Pierre,Tremblay
2004,15,24024,Vincent,Carbonneau
2005,10,24024,Daniela,Chivu
2006,16,24024,Anju,Dhillon
2007,24,24024,Isabelle,Morin
2008,42,24024,Soulèye,Ndiaye
2009,3,24024,Jean-Frédéric,Vaudry
2010,33,24024,Fang,Hu
2011,10,24024,Celine,Laquerre
2012,15,24024,Réjean,Malette
2013,24,24024,Lori,Morrison
2014,30,24024,Arash,Torbati
2015,28,24024,Xavier,Watso
2016,10,24024,Jude,Bazelais
2017,16,24024,Cloé,Jenneau
2018,15,24024,Laura,Mariani
2019,24,24024,Fabiola,Teumeni
2020,30,24024,Michael,Patterson
2021,3,24025,Diane,Bourgeois
2022,24,24025,François,Choquette
2023,15,24025,Émile,Coderre
2024,16,24025,Pierre,Côté
2025,10,24025,Pascale,Déry
2026,28,24025,Real,Batrhino
2027,15,24025,Frederik,Bernier
2028,3,24025,Martin,Champoux
2029,10,24025,Jessica,Ebacher
2030,16,24025,William,Morales
2031,43,24025,Lucas,Munger
2032,30,24025,Steeve,Paquet
2033,16,24025,Mustapha,Berri
2034,10,24025,Nathalie,Clermont
2035,14,24025,Josée,Joyal
2036,42,24025,Sylvain,Marcoux
2037,28,24026,Max,Boudreau
2038,16,24026,Diane,Lebouthillier
2039,15,24026,Jim,Morrison
2040,10,24026,Jean-Pierre,Pigeon
2041,3,24026,Nicolas,Roussy
2042,24,24026,Philip,Toone
2043,24,24026,Lynn,Beaulieu
2044,3,24026,Guy,Bernatchez
2045,28,24026,Jay,Cowboy
2046,15,24026,Dennis,Drainville
2047,30,24026,Eric,Hebert
2048,14,24026,Monique,Leduc
2049,24,24026,Lisa,Phung
2050,30,24026,Christian,Rioux
2051,10,24027,Luc,Angers
2052,42,24027,Guy,Bellevance
2053,3,24027,Philippe,Boily
2054,24,24027,Françoise,Boivin
2055,15,24027,Guy,Dostaler
2056,16,24027,Steven,MacKinnon
2057,19,24027,Pierre,Soublière
2058,24,24027,Eric,Chaurette
2059,10,24027,Sylvie,Goneau
2060,30,24027,Mario-Roberto,Lam
2061,3,24027,Geneviève,Nadeau
2062,10,24027,Joel,Bernard
2063,28,24027,Sébastien,Grenier
2064,15,24027,Rachid,Jemmah
2065,14,24027,Luc,Lavoie
2066,24,24027,Fernanda,Rengel
2067,30,24027,Mathieu,Saint-Jean
2068,24,24028,Marjolaine,Boutin-Sweet
2069,9,24028,Marianne	,Breton-Fontaine
2070,19,24028,Christine,Dandenault
2071,10,24028,Alexandre,Dang
2072,28,24028,Nicolas,Lemay
2073,3,24028,Simon,Marchand
2074,16,24028,Marwah,Rizqy
2075,15,24028,Anne-Marie,Saint-Cerny
2076,30,24028,Stepan,Balatsko
2077,28,24028,Chinook,Blais-Leduc
2078,16,24028,Soraya,Ferrada
2079,9,24028,JP,Fortin
2080,10,24028,Christine,Marcoux
2081,15,24028,Robert,Morais
2082,24,24028,Catheryn,Roy-Goyette
2083,10,24028,Aime,Cabrera
2084,30,24028,Marc-André,Doucet-Beauchamp
2085,15,24028,Zachary,Lavarenne
2086,9,24028,Michelle,Paquette
2087,28,24028,Alan,Smithee
2088,24,24029,Paulina,Ayala
2089,3,24029,Audrey,Beauséjour
2090,15,24029,Angela,Budilean
2091,10,24029,Guy,Croteau
2092,13,24029,Dayana,Dejean
2093,19,24029,Yves,Le Seigle
2094,16,24029,Pablo,Rodriguez
2095,3,24029,Jacques,Binette
2096,15,24029,Domenico,Cusmano
2097,24,24029,Chu,Pham
2098,30,24029,Patrick,St-Onge
2099,15,24029,Bianca,Deltorto-Russell
2100,3,24029,Charlotte,Lévesque-Marin
2101,30,24029,Lucilia,Miranda
2102,10,24030,Étienne,Boulrice
2103,3,24030,Maude,Chouinard-Boucher
2104,42,24030,Luc,Desjardins
2105,16,24030,Greg,Fergus
2106,15,24030,Roger,Fleury
2107,19,24030,Gabriel,Bernier
2108,8,24030,Sean,Mulligan
2109,24,24030,Nycole,Turmel
2110,15,24030,Josee,Defoy
2111,19,24030,Alexandre,Deschênes
2112,10,24030,Mike,Duggan
2113,28,24030,Sebastien,Grenier
2114,3,24030,Joanie,Riopel
2115,30,24030,Rowen,Tanguay
2116,24,24030,Nicolas,Thibodeau
2117,42,24030,Catherine,Dickins
2118,30,24030,Eric,Fleury
2119,24,24030,Samuel,Gendron
2120,15,24030,Simon,Gnocchini-Messier
2121,14,24030,Josée,Lafleur
2122,28,24030,Mike,LeBlanc
2123,10,24030,Sandrine,Perion
2124,3,24030,Simon,Provost
2125,16,24031,Michel,Bourgeois
2126,10,24031,Soheil,Eid
2127,24,24031,Danielle,Landreville
2128,13,24031,Robert,Morais
2129,15,24031,Mathieu,Morin
2130,3,24031,Gabriel,Ste-Marie
2131,10,24031,Jean-Martin,Masse
2132,15,24031,Érica,Poirier
2133,30,24031,Sylvain,Prescott
2134,27,24031,Paul,Savard
2135,24,24031,Julienne,Soumaoro
2136,24,24031,Alexis,Beaudet
2137,14,24031,Manon,Coutu
2138,30,24031,Maxime,Leclerc
2139,10,24031,Roger,Materne
2140,18,24031,Yanick,Théoret
2141,15,24032,Carmen,Budilean
2142,3,24032,Jean-François,Caron
2143,28,24032,Marielle,Couture
2144,10,24032,Ursula,Larouche
2145,16,24032,Marc,Pettersen
2146,24,24032,Karine,Trudel
2147,15,24032,Lyne,Bourdages
2148,10,24032,Philippe,Gagnon
2149,16,24032,Vincent,Garneau
2150,3,24032,Mario,Simard
2151,30,24032,Sylvie,Theodore
2152,16,24032,Stéphane,Bégin
2153,28,24032,Line,Bélanger
2154,3,24032,Louise,Gravel
2155,24,24032,Marieve,Ruel
2156,15,24032,Marie-Josée,Yelle
2157,3,24033,Mario,Beaulieu
2158,28,24033,Ben,Benoit
2159,15,24033,David,Cox
2160,13,24033,Jean-François,Larose
2161,10,24033,Guy,Morissette
2162,24,24033,Éve,Péclet
2163,19,24033,Geneviéve,Royer
2164,16,24033,Marie-Chantale,Simard
2165,10,24033,Robert,Coutu
2166,15,24033,Franco,Fiori
2167,27,24033,Jacinthe,Lafrenaye
2168,30,24033,Randy,Manseau
2169,16,24033,Jonathan,Plamondon
2170,10,24033,Massimo,Anania
2171,30,24033,Jonathan,Desclin
2172,16,24033,Jonas,Fadeu
2173,14,24033,Agnès,Falquet
2174,27,24033,Charles,Gervais
2175,24,24033,Alexandre,Vallerand
2176,24,24034,Pierre,Chicoine
2177,19,24034,Normand,Chouinard
2178,10,24034,Yves,Perras
2179,3,24034,Christian,Picard
2180,16,24034,Jean-Claude,Poissant
2181,15,24034,Joanne,Tomas
2182,24,24034,Victoria,Hernandez
2183,15,24034,Barbara,Joannette
2184,10,24034,Isabelle,Lapointe
2185,3,24034,Alain,Therrien
2186,30,24034,Gregory,Yablunovsky
2187,16,24034,Caroline,Desrochers
2188,30,24034,Ruth,Fontaine
2189,10,24034,Lise,des Greniers
2190,24,24035,Gisèle,Dallaire
2191,3,24035,Sabin,Gaudreault
2192,10,24035,Denis,Lebel
2193,15,24035,Laurence,Requilé
2194,16,24035,Sabin,Simard
2195,30,24035,Danny,Boudreault
2196,3,24035,Alexis,Brunelle-Duceppe
2197,24,24035,Jean-Simon,Fortin
2198,10,24035,Jocelyn,Fradette
2199,15,24035,Julie,Gagnon-Bond
2200,16,24035,Richard,Hebert
2201,10,24035,Serge,Bergeron
2202,24,24035,Mathieu,Chambers
2203,15,24035,Annie,Thibault
2204,16,24035,Marjolaine,Étienne
2205,3,24036,Gabriel,Bernier
2206,15,24036,Bradford,Dean
2207,10,24036,Eric,Girard
2208,16,24036,Francis,Scarpaleggia
2209,24,24036,Ryan,Young
2210,3,24036,Julie,Benoit
2211,30,24036,Gary,Charles
2212,24,24036,Dana,Chevalier
2213,45,24036,Ralston,Coelho
2214,10,24036,Ann,Francis
2215,15,24036,Milan,Kona-Mancini
2216,43,24036,Victoria,Martigny
2217,24,24036,Jonathan,Gray
2218,15,24036,Afia,Lassy
2219,3,24036,Rémi,Lebeuf
2220,15,24037,Lorraine,Banville
2221,16,24037,David,Lametti
2222,24,24037,Hélène,LeBlanc
2223,3,24037,Gilbert,Paquette
2224,10,24037,Mohammad,Zamir
2225,28,24037,Rhino,Belanger
2226,42,24037,Julien,Cote
2227,3,24037,Isabel,Dion
2228,15,24037,Jency,Mercier
2229,10,24037,Claudio,Rocchi
2230,24,24037,Steven,Scott
2231,19,24037,Eileen,Studd
2232,30,24037,Daniel,Turgeon
2233,14,24037,Pascal,Antonin
2234,15,24037,Sarah,Carter
2235,24,24037,Jason,De Lierre
2236,9,24037,JP,Fortin
2237,3,24037,Raphaël,Guérard
2238,10,24037,Janina,Moran
2239,30,24037,Michel,Walsh
2240,10,24038,Sylvain,Charron
2241,16,24038,David,Graham
2242,15,24038,Niloufar,Hedjazi
2243,24,24038,Simon-Pierre,Landry
2244,3,24038,Johanne,Régimbald
2245,15,24038,Gael,Chantrel
2246,24,24038,Claude,Dufour
2247,30,24038,Richard,Evanko
2248,3,24038,Marie-Helene,Gaudreau
2249,10,24038,Serge,Gregoire
2250,42,24038,Michel,Leclerc
2251,28,24038,Ludovic,Schneider
2252,24,24038,Eric-Abel,Baland
2253,10,24038,Kathy,Laframboise
2254,15,24038,Michel,Le Comte
2255,16,24038,Antoine,Menassa
2256,42,24038,Jean-Noël,Sorel
2257,17,24039,Stéphane,Beaulieu
2258,42,24039,Julien,Bernatchez
2259,3,24039,Gilles,Duceppe
2260,9,24039,Pierre,Fontaine
2261,10,24039,Daniel,Gaudreau
2262,15,24039,Cyrille,Giraud
2263,19,24039,Serge,Lachapelle
2264,24,24039,Hélène,Laverdière
2265,16,24039,Christine,Poirier
2266,15,24039,Jamil,Azzaoui
2267,30,24039,Christine,Bui
2268,3,24039,Michel,Duchesne
2269,10,24039,Lise,Greniers
2270,16,24039,Steven,Guilbeault
2271,24,24039,Nimâ,Machouf
2272,28,24039,Archie,Morals
2273,42,24039,Dimitri,Mourkes
2274,9,24039,Adrien,Welsh
2275,42,24039,Cyril,Julien
2276,1,24039,Kimberly,Lamontagne
2277,15,24039,Jean-Michel,Lavarenne
2278,3,24039,Marie-Eve-Lyne,Michel
2279,14,24039,Julie,Morin
2280,10,24039,Ronan,Reich
2281,30,24039,Daniel,Tanguay
2282,19,24040,Yvon,Breton
2283,10,24040,Roland,Dick
2284,16,24040,Fayçal,El-Khoury
2285,24,24040,François,Pilon
2286,15,24040,Faiza,R'Guiba-Kalogerakis
2287,3,24040,Nancy,Redhead
2288,30,24040,Marie-Louise,Beauchamp
2289,3,24040,Nacera,Beddad
2290,15,24040,Sari,Madi
2291,24,24040,Noemia,De Lima
2292,10,24040,Tom,Pentefountas
2293,30,24040,Matthieu,Couture
2294,3,24040,Guillaume,Jolivet
2295,10,24040,Spyridonas,Pettas
2296,15,24040,Ahmed,Taleb
2297,24,24040,Rowan,Woodmass
2298,2,24042,François,Belanger
2299,15,24042,Tina,Biello
2300,24,24042,Hélène,Bilodeau
2301,16,24042,Claude,Boucher
2302,3,24042,Steve,Gagné
2303,10,24042,Jacques,Gourde
2304,3,24042,Francois-Noel,Brault
2305,16,24042,Ghislain,Daigle
2306,30,24042,Marc,Fontaine
2307,15,24042,Patrick,Kerr
2308,24,24042,Christel,Marchand
2309,15,24042,Charles-Eugène,Bergeron
2310,26,24042,Carl,Brochu
2311,24,24042,Guylaine,Dumont
2312,3,24042,Samuel,Lamarche
2313,14,24042,Mariève,Lemay
2314,30,24042,Benoit,Simard
2315,10,24041,Thomas,Barré
2316,19,24041,Pierre,Chénier
2317,3,24041,Philippe,Cloutier
2318,24,24041,Sadia,Groguhé
2319,15,24041,Mario,Leclerc
2320,28,24041,Matthew,Liberman
2321,16,24041,Sherry,Romanado
2322,30,24041,Henri,Cousineau
2323,24,24041,Kalden,Dhatsenpa
2324,3,24041,Cathy,Lepage
2325,15,24041,Casandra,Poitras
2326,10,24041,Stéphane,Robichaud
2327,3,24041,Nathalie,Boisclair
2328,15,24041,Nancy,Cardin
2329,24,24041,Kalden,Dhatsenpa
2330,10,24041,Isabelle,Lalonde
2331,30,24041,Tiny,Olinga
2332,13,24043,Affine,Lwalalika
2333,24,24043,Pierre,Nantel
2334,16,24043,Michael,O'Grady
2335,15,24043,Casandra,Poitras
2336,10,24043,John,Sedlak
2337,3,24043,Denis,Trudel
2338,10,24043,Patrick,Clune
2339,30,24043,Ellen,Comeau
2340,24,24043,Eric,Ferland
2341,42,24043,Pierre-Luc,Filion
2342,16,24043,Réjean,Hébert
2343,16,24043,Florence,Gagnon
2344,30,24043,Manon,Girard
2345,15,24043,Simon,King
2346,27,24043,Jacinthe,Lafrenaye
2347,24,24043,Mildred,Murray
2348,10,24043,Boukare,Tall
2349,10,24044,Jean-Pierre,Asselin
2350,15,24044,Andrée-Anne,Beaudoin-Julien
2351,24,24044,Denis,Blanchette
2352,8,24044,Stefan,Jetchick
2353,16,24044,Joël,Lightbound
2354,3,24044,Caroline,Pageau
2355,30,24044,Daniel,Brisson
2356,42,24044,Ali,Dahan
2357,15,24044,Macarena,Diab
2358,10,24044,Marie-Josee,Guerette
2359,3,24044,Christian,Hebert
2360,24,24044,Jeremie,Juneau
2361,3,24044,Marc,Dean
2362,10,24044,Gilles,Lépine
2363,24,24044,Hamid,Nadji
2364,24,24045,G.,Caron
2365,10,24045,Gérard,Deltell
2366,16,24045,Youri,Rousseau
2367,15,24045,Michel,Savard
2368,3,24045,Ronald,Sirard
2369,30,24045,Guillaume,Côté
2370,16,24045,Jean-Christophe,Cusson
2371,3,24045,Jeanne-Paule,Desgagnes
2372,24,24045,Colette,Ducharme
2373,15,24045,Sandra,Riedo
2374,3,24045,Thierry,Bilodeau
2375,15,24045,Daniel,Chicoine
2376,14,24045,Mélanie,Fortin
2377,24,24045,Yu-Ti,Huang
2378,16,24045,Nathanielle,Morin
2379,10,24046,Yvon,Boudreau
2380,24,24046,Jonathan,Genest-Jourdain
2381,3,24046,Marilène,Gill
2382,15,24046,Nathan,Grills
2383,16,24046,Mario,Tremblay
2384,10,24046,Francois,Corriveau
2385,30,24046,Gabriel,Cote
2386,15,24046,Jacques,Gélineau
2387,24,24046,Colleen,McCool
2388,16,24046,Dave,Savard
2389,16,24046,Thomas,Gagné
2390,14,24046,Bianca,Girard
2391,24,24046,Nichola,St-Jean
2392,10,24046,Rodrigue,Vigneault
2393,3,24065,Patrice,Jasmin-Tremblay
2394,24,24065,Marie-Josée,Lemieux
2395,10,24065,Nicolas,Makridis
2396,15,24065,Lorna,Mungur
2397,16,24065,Yves,Robillard
2398,10,24065,Sonia,Baudelot
2399,24,24065,Ali,Faour
2400,15,24065,Bao,Le
2401,30,24065,Emilio,Migliozzi
2402,3,24065,Lizabel,Nitoi
2403,42,24065,Elias,Progakis
2404,14,24065,Micheline,Flibotte
2405,3,24065,Manon,Lacharité
2406,30,24065,Louis,Léger
2407,10,24065,Sarah,Petrari
2408,16,24047,David,Berthiaume
2409,10,24047,Luc,Berthold
2410,24,24047,Jean-François,Delisle
2411,15,24047,Justin,Gervais
2412,3,24047,Virginie,Provost
2413,24,24047,Mathieu,Boisvert
2414,15,24047,Nicole,Charette
2415,3,24047,Priscilla,Corbeil
2416,16,24047,Isabelle,Gregoire
2417,30,24047,Marie,Lauzier
2418,42,24047,Jean,Paradis
2419,28,24047,Damien,Roy
2420,42,24047,Gloriane,Blais
2421,30,24047,Jonathan,Gagnon
2422,15,24047,Emilie,Hamel
2423,3,24047,Éric,Labonté
2424,16,24047,Adam,Lukofsky
2425,14,24047,Real,Pepin
2426,10,24048,Gordon,Ferguson
2427,24,24048,Myléne,Freeman
2428,15,24048,Jocelyn,Gifford
2429,3,24048,Simon,Marcil
2430,16,24048,Karl,Trudel
2431,27,24048,Pietro,Biacchi
2432,10,24048,François,Desrochers
2433,30,24048,Christian,Montpetit
2434,24,24048,Anne-Marie,Saint-Germain
2435,15,24048,Julie,Tremblay
2436,24,24048,Benoit,Bourassa
2437,14,24048,Ariane,Croteau
2438,3,24048,Jean-Denis,Garon
2439,15,24048,Mario,Guay
2440,10,24048,Catherine,Lefebvre
2441,16,24048,François,Loza
2442,15,24049,Olivier,Adam
2443,10,24049,Stéphane,Duranleau
2444,3,24049,Catherine,Fournier
2445,17,24049,Claude,Leclair
2446,16,24049,Michel,Picard
2447,24,24049,Djaouida,Sellah
2448,30,24049,Julie,Lavallee
2449,15,24049,Jean-Charles,Pelland
2450,10,24049,Julie,Sauvageau
2451,28,24049,Thomas,Thibault-Vincent
2452,3,24049,Stéphane,Bergeron
2453,30,24049,Natasha,Hynes
2454,16,24049,Marie-Ève,Pelchat
2455,10,24050,Gisèle,DesRoches
2456,15,24050,Yumi,Ang
2457,24,24050,Martin,Leclerc
2458,13,24050,Manon,Perreault
2459,3,24050,Luc,Thériault
2460,16,24050,Louis-Charles,Thouin
2461,24,24050,Julian,Bonello-Stauch
2462,30,24050,Hugo,Clenin
2463,15,24050,Mathieu,Goyette
2464,27,24050,Marc,Labelle
2465,16,24050,Isabel,Sayegh
2466,30,24050,Bruno,Beaudry
2467,14,24050,Robert,Bellerose
2468,24,24050,Oulai,Goué
2469,16,24050,Javeria,Qureshi
2470,15,24051,Chantal,Breton
2471,28,24051,Bien,Gagné
2472,3,24051,Louis,Gagnon
2473,10,24051,Bernard,Généreux
2474,24,24051,François,Lapointe
2475,16,24051,Marie-Josée,Normand
2476,16,24051,Aladin,d'Auteuil
2477,15,24051,Denis,Ducharme
2478,30,24051,Serge,Hache
2479,24,24051,Hugo,Latulippe
2480,3,24051,Simon,Bérubé
2481,24,24051,Sean,English
2482,28,24051,Thibaud,Mony
2483,14,24051,Nancy,Rochon
2484,3,24052,Jade,Bossé-Bélanger
2485,16,24052,Anthony,Housefather
2486,19,24052,Diane,Johnston
2487,15,24052,Timothy,Landry
2488,10,24052,Robert,Libman
2489,24,24052,Mario,Rimbao
2490,15,24052,Clement,Badra
2491,24,24052,Eric-Abel,Baland
2492,3,24052,Xavier,Levesque
2493,30,24052,Zachary,Lozoff
2494,15,24052,David,Tordjman
2495,10,24052,Frank,Cavallaro
2496,24,24052,Ibrahim,El-Khoury
2497,3,24052,Yegor,Komarov
2498,42,24053,Lisa,Cahn
2499,16,24053,Marc,Garneau
2500,19,24053,Rachel,Hoffman
2501,24,24053,James,Hughes
2502,3,24053,Simon,Quesnel
2503,10,24053,Richard,Sagala
2504,15,24053,Melissa,Wheeler
2505,10,24053,Neil,Drabkin
2506,24,24053,Franklin,Gertler
2507,15,24053,Robert,Green
2508,19,24053,Rachel,Hoffman
2509,3,24053,Jennifer,Jette
2510,42,24053,Jeffery,Thomas
2511,30,24053,Andre,Valiquette
2512,3,24053,Jordan,Larouche
2513,24,24053,Emma,Elbourne-Weinstock
2514,15,24053,Sam,Fairbrother
2515,30,24053,David,Freiheit
2516,10,24053,Mathew,Kaminski
2517,8,24053,Geofryde,Wandji
2518,3,24054,Roger,Barou
2519,16,24054,Rachel,Bendayan
2520,15,24054,Amara,Diallo
2521,10,24054,Rodolphe,Husny
2522,24,24054,Thomas,Mulcair
2523,17,24054,Francis,Pouliot
2524,9,24054,Adrien,Welsh
2525,24,24054,Andrea,Clarke
2526,15,24054,Daniel,Green
2527,3,24054,Celia,Grimard
2528,28,24054,Mark,Hiemstra
2529,30,24054,Sabin,Levesque
2530,10,24054,Jasmine,Louras
2531,42,24054,Angela-Angie,Joshi
2532,30,24054,Yehuda,Pinto
2533,24,24054,Ève,Péclet
2534,15,24054,Grace,Tarabey
